hero_a,hero_b,same_team_count,hero_a_team_count,hero_b_team_count,normalized_synergy_score
c1007,c1014,28,826,50,0.137779
c1007,c1020,125,826,324,0.241628
c1007,c1022,8,826,1125,0.008299
c1007,c1034,25,826,220,0.058646
c1007,c1038,17,826,61,0.075735
c1007,c1046,208,826,1212,0.207884
c1007,c1055,5,826,73,0.020362
c1007,c1065,45,826,131,0.1368
c1007,c1083,15,826,72,0.061508
c1007,c1104,6,826,326,0.011563
c1007,c1112,6,826,358,0.011034
c1007,c1117,10,826,2703,0.006692
c1007,c1118,6,826,10,0.066018
c1007,c1133,11,826,1775,0.009085
c1007,c1143,67,826,270,0.141874
c1007,c1148,4,826,48,0.020089
c1007,c1150,14,826,116,0.045228
c1007,c1153,14,826,1040,0.015105
c1007,c1163,11,826,247,0.024353
c1007,c1168,249,826,1523,0.222003
c1007,c1172,77,826,1461,0.070093
c1007,c1176,3,826,846,0.003589
c1007,c1177,40,826,325,0.077202
c1007,c1178,127,826,1125,0.131746
c1007,c1179,8,826,230,0.018354
c1007,c1182,5,826,608,0.007056
c1007,c1183,19,826,2992,0.012086
c1007,c2001,6,826,946,0.006788
c1007,c2004,139,826,352,0.257783
c1007,c2007,155,826,3943,0.085887
c1007,c2009,7,826,1209,0.007005
c1007,c2011,3,826,17,0.025317
c1007,c2012,10,826,367,0.018163
c1007,c2015,3,826,229,0.006898
c1007,c2020,10,826,19,0.079824
c1007,c2024,158,826,670,0.212388
c1007,c2046,16,826,236,0.036239
c1007,c2048,4,826,146,0.011518
c1007,c2066,43,826,920,0.049327
c1007,c2071,3,826,646,0.004107
c1007,c2076,41,826,2327,0.029573
c1007,c2079,4,826,141,0.011721
c1007,c2080,18,826,207,0.043531
c1007,c2082,10,826,104,0.034119
c1007,c2089,27,826,63,0.11836
c1007,c2099,4,826,52,0.0193
c1007,c2102,8,826,217,0.018896
c1007,c2103,21,826,1006,0.023037
c1007,c2110,5,826,241,0.011207
c1007,c2112,13,826,293,0.026425
c1007,c2124,54,826,3249,0.032963
c1007,c2131,11,826,2009,0.008539
c1007,c2132,17,826,129,0.052079
c1007,c2148,147,826,2490,0.102501
c1007,c2181,105,826,1841,0.085148
c1007,c2184,9,826,801,0.011065
c1007,c2185,233,826,4281,0.123906
c1007,c4123,8,826,1582,0.006998
c1007,c4158,3,826,185,0.007674
c1007,c5009,37,826,186,0.094396
c1007,c5033,237,826,1083,0.250579
c1007,c5046,6,826,328,0.011527
c1007,c5069,52,826,1683,0.044103
c1007,c5089,3,826,49,0.014912
c1007,c5110,4,826,191,0.010071
c1007,c5111,3,826,257,0.006511
c1007,c5128,56,826,236,0.126836
c1007,c5147,35,826,1501,0.031433
c1007,c5154,76,826,3297,0.046054
c1007,c5175,8,826,348,0.014921
c1007,c5190,22,826,1004,0.024158
c1007,c6005,235,826,2946,0.150647
c1007,c6014,4,826,14,0.037197
c1007,c6020,9,826,25,0.06263
c1007,c6037,11,826,1730,0.009202
c1007,c6050,24,826,409,0.041291
c1009,c1117,7,14,2703,0.035984
c1009,c1183,4,14,2992,0.019544
c1009,c2009,3,14,1209,0.023059
c1009,c2113,3,14,745,0.029375
c1009,c2131,4,14,2009,0.023851
c1009,c4123,9,14,1582,0.060475
c1009,c5154,4,14,3297,0.018618
c1009,c6005,4,14,2946,0.019696
c1014,c1020,20,50,324,0.157135
c1014,c1046,13,50,1212,0.052809
c1014,c1143,3,50,270,0.02582
c1014,c1168,13,50,1523,0.047109
c1014,c1172,3,50,1461,0.0111
c1014,c2004,21,50,352,0.158293
c1014,c2007,3,50,3943,0.006757
c1014,c2024,19,50,670,0.103808
c1014,c2148,7,50,2490,0.019839
c1014,c2181,4,50,1841,0.013184
c1014,c2185,3,50,4281,0.006484
c1014,c5033,13,50,1083,0.055866
c1014,c5154,3,50,3297,0.007389
c1014,c6005,28,50,2946,0.072955
c1020,c1022,3,324,1125,0.004969
c1020,c1046,86,324,1212,0.137238
c1020,c1065,62,324,131,0.300943
c1020,c1112,5,324,358,0.014681
c1020,c1117,5,324,2703,0.005343
c1020,c1143,24,324,270,0.081144
c1020,c1150,10,324,116,0.051582
c1020,c1168,146,324,1523,0.207841
c1020,c1172,25,324,1461,0.036336
c1020,c1177,4,324,325,0.012327
c1020,c1178,14,324,1125,0.023189
c1020,c1183,10,324,2992,0.010157
c1020,c2001,3,324,946,0.005419
c1020,c2004,59,324,352,0.174706
c1020,c2007,61,324,3943,0.053969
c1020,c2009,7,324,1209,0.011184
c1020,c2020,5,324,19,0.063727
c1020,c2024,31,324,670,0.066535
c1020,c2046,7,324,236,0.025315
c1020,c2066,8,324,920,0.014653
c1020,c2076,6,324,2327,0.00691
c1020,c2079,4,324,141,0.018714
c1020,c2089,3,324,63,0.020998
c1020,c2124,31,324,3249,0.030214
c1020,c2131,5,324,2009,0.006197
c1020,c2148,58,324,2490,0.064574
c1020,c2181,41,324,1841,0.053087
c1020,c2184,4,324,801,0.007852
c1020,c2185,126,324,4281,0.106986
c1020,c4158,5,324,185,0.020423
c1020,c5033,110,324,1083,0.185697
c1020,c5069,8,324,1683,0.010834
c1020,c5128,6,324,236,0.021698
c1020,c5147,20,324,1501,0.028679
c1020,c5154,31,324,3297,0.029994
c1020,c6005,86,324,2946,0.088026
c1020,c6020,6,324,25,0.066667
c1020,c6037,3,324,1730,0.004007
c1022,c1046,24,1125,1212,0.020553
c1022,c1055,3,1125,73,0.010468
c1022,c1060,6,1125,179,0.013371
c1022,c1091,11,1125,257,0.020457
c1022,c1103,14,1125,214,0.028533
c1022,c1104,30,1125,326,0.049538
c1022,c1112,10,1125,358,0.015757
c1022,c1117,279,1125,2703,0.159994
c1022,c1133,48,1125,1775,0.033968
c1022,c1143,3,1125,270,0.005443
c1022,c1144,8,1125,45,0.035556
c1022,c1153,63,1125,1040,0.058244
c1022,c1162,8,1125,273,0.014436
c1022,c1168,56,1125,1523,0.042782
c1022,c1171,46,1125,457,0.064154
c1022,c1172,110,1125,1461,0.085801
c1022,c1173,8,1125,31,0.042838
c1022,c1176,99,1125,846,0.101478
c1022,c1178,5,1125,1125,0.004444
c1022,c1182,34,1125,608,0.04111
c1022,c1183,377,1125,2992,0.205487
c1022,c2001,59,1125,946,0.057191
c1022,c2002,5,1125,45,0.022222
c1022,c2004,3,1125,352,0.004767
c1022,c2007,247,1125,3943,0.117276
c1022,c2009,140,1125,1209,0.120043
c1022,c2012,10,1125,367,0.015563
c1022,c2015,11,1125,229,0.021672
c1022,c2019,10,1125,33,0.0519
c1022,c2023,4,1125,52,0.016538
c1022,c2024,3,1125,670,0.003455
c1022,c2046,8,1125,236,0.015526
c1022,c2049,20,1125,175,0.045075
c1022,c2050,3,1125,5,0.04
c1022,c2066,25,1125,920,0.024574
c1022,c2070,6,1125,67,0.021854
c1022,c2071,49,1125,646,0.057478
c1022,c2076,91,1125,2327,0.056243
c1022,c2080,4,1125,207,0.008289
c1022,c2095,8,1125,95,0.024471
c1022,c2103,115,1125,1006,0.108099
c1022,c2112,7,1125,293,0.012192
c1022,c2113,91,1125,745,0.0994
c1022,c2124,205,1125,3249,0.107227
c1022,c2128,9,1125,117,0.024807
c1022,c2129,66,1125,1048,0.060784
c1022,c2131,165,1125,2009,0.109753
c1022,c2148,115,1125,2490,0.06871
c1022,c2181,181,1125,1841,0.12577
c1022,c2184,113,1125,801,0.119038
c1022,c2185,379,1125,4281,0.172699
c1022,c4004,16,1125,207,0.033156
c1022,c4123,187,1125,1582,0.140172
c1022,c4158,16,1125,185,0.035072
c1022,c5033,19,1125,1083,0.017213
c1022,c5046,4,1125,328,0.006585
c1022,c5069,77,1125,1683,0.055959
c1022,c5072,23,1125,308,0.039073
c1022,c5110,4,1125,191,0.008629
c1022,c5111,12,1125,257,0.022317
c1022,c5147,51,1125,1501,0.039247
c1022,c5154,244,1125,3297,0.126693
c1022,c5175,12,1125,348,0.019179
c1022,c5190,35,1125,1004,0.032933
c1022,c6005,177,1125,2946,0.097226
c1022,c6017,27,1125,380,0.041295
c1022,c6024,42,1125,393,0.063165
c1022,c6037,107,1125,1730,0.076698
c1022,c6050,8,1125,409,0.011794
c1034,c1046,65,220,1212,0.125878
c1034,c1055,4,220,73,0.031564
c1034,c1076,3,220,41,0.031588
c1034,c1112,5,220,358,0.017816
c1034,c1117,3,220,2703,0.00389
c1034,c1133,23,220,1775,0.036806
c1034,c1143,45,220,270,0.184637
c1034,c1150,3,220,116,0.018779
c1034,c1163,16,220,247,0.068637
c1034,c1168,3,220,1523,0.005183
c1034,c1172,34,220,1461,0.059971
c1034,c1177,7,220,325,0.026179
c1034,c1178,19,220,1125,0.038191
c1034,c1183,6,220,2992,0.007395
c1034,c2007,60,220,3943,0.064421
c1034,c2009,3,220,1209,0.005817
c1034,c2024,78,220,670,0.203164
c1034,c2046,15,220,236,0.06583
c1034,c2048,3,220,146,0.016739
c1034,c2066,6,220,920,0.013337
c1034,c2076,7,220,2327,0.009783
c1034,c2080,24,220,207,0.112464
c1034,c2089,4,220,63,0.033976
c1034,c2103,13,220,1006,0.027633
c1034,c2112,9,220,293,0.035448
c1034,c2124,9,220,3249,0.010645
c1034,c2131,3,220,2009,0.004513
c1034,c2148,42,220,2490,0.056746
c1034,c2181,6,220,1841,0.009428
c1034,c2184,9,220,801,0.02144
c1034,c2185,71,220,4281,0.07316
c1034,c4123,3,220,1582,0.005085
c1034,c5009,11,220,186,0.054378
c1034,c5033,19,220,1083,0.038925
c1034,c5069,20,220,1683,0.032868
c1034,c5089,3,220,49,0.028894
c1034,c5110,3,220,191,0.014635
c1034,c5128,24,220,236,0.105328
c1034,c5147,19,220,1501,0.033064
c1034,c5154,27,220,3297,0.031702
c1034,c5175,13,220,348,0.046983
c1034,c5190,8,220,1004,0.017022
c1034,c6005,76,220,2946,0.094403
c1034,c6050,3,220,409,0.010001
c1038,c1133,26,61,1775,0.079015
c1038,c1153,3,61,1040,0.011911
c1038,c1168,14,61,1523,0.045932
c1038,c1178,10,61,1125,0.038173
c1038,c2007,3,61,3943,0.006117
c1038,c2024,6,61,670,0.029679
c1038,c2079,4,61,141,0.043131
c1038,c2099,4,61,52,0.071022
c1038,c2103,25,61,1006,0.10092
c1038,c2148,3,61,2490,0.007698
c1038,c2185,23,61,4281,0.045008
c1038,c5009,18,61,186,0.168986
c1038,c5033,9,61,1083,0.035016
c1038,c5110,10,61,191,0.092644
c1038,c5128,7,61,236,0.058341
c1038,c5175,5,61,348,0.034317
c1038,c6005,34,61,2946,0.080204
c1046,c1060,4,1212,179,0.008588
c1046,c1065,32,1212,131,0.080309
c1046,c1083,27,1212,72,0.0914
c1046,c1103,6,1212,214,0.011781
c1046,c1104,13,1212,326,0.020682
c1046,c1112,8,1212,358,0.012145
c1046,c1117,22,1212,2703,0.012155
c1046,c1133,10,1212,1775,0.006818
c1046,c1143,3,1212,270,0.005244
c1046,c1150,29,1212,116,0.077342
c1046,c1153,7,1212,1040,0.006235
c1046,c1158,6,1212,40,0.02725
c1046,c1163,157,1212,247,0.286946
c1046,c1168,40,1212,1523,0.029441
c1046,c1171,7,1212,457,0.009406
c1046,c1172,82,1212,1461,0.061622
c1046,c1176,11,1212,846,0.010863
c1046,c1177,11,1212,325,0.017527
c1046,c1178,208,1212,1125,0.178129
c1046,c1179,43,1212,230,0.081443
c1046,c1182,26,1212,608,0.030288
c1046,c1183,43,1212,2992,0.022581
c1046,c2001,6,1212,946,0.005603
c1046,c2004,127,1212,352,0.194438
c1046,c2007,402,1212,3943,0.183891
c1046,c2009,26,1212,1209,0.021479
c1046,c2012,60,1212,367,0.089964
c1046,c2015,3,1212,229,0.005694
c1046,c2020,5,1212,19,0.032949
c1046,c2024,25,1212,670,0.027743
c1046,c2048,68,1212,146,0.161652
c1046,c2066,49,1212,920,0.046404
c1046,c2071,31,1212,646,0.035034
c1046,c2076,160,1212,2327,0.095273
c1046,c2079,7,1212,141,0.016933
c1046,c2080,70,1212,207,0.139753
c1046,c2090,6,1212,68,0.0209
c1046,c2099,19,1212,52,0.075683
c1046,c2102,39,1212,217,0.076047
c1046,c2103,142,1212,1006,0.128599
c1046,c2110,10,1212,241,0.018503
c1046,c2113,7,1212,745,0.007367
c1046,c2124,85,1212,3249,0.042834
c1046,c2128,5,1212,117,0.013278
c1046,c2129,6,1212,1048,0.005324
c1046,c2131,20,1212,2009,0.012817
c1046,c2148,569,1212,2490,0.327538
c1046,c2181,127,1212,1841,0.085021
c1046,c2184,13,1212,801,0.013194
c1046,c2185,646,1212,4281,0.283602
c1046,c4004,3,1212,207,0.005989
c1046,c4123,25,1212,1582,0.018054
c1046,c4158,6,1212,185,0.012671
c1046,c5033,229,1212,1083,0.19988
c1046,c5046,10,1212,328,0.01586
c1046,c5069,48,1212,1683,0.033608
c1046,c5072,15,1212,308,0.024551
c1046,c5089,31,1212,49,0.127207
c1046,c5110,7,1212,191,0.014549
c1046,c5147,130,1212,1501,0.096383
c1046,c5154,72,1212,3297,0.036018
c1046,c5175,3,1212,348,0.004619
c1046,c5190,6,1212,1004,0.005439
c1046,c6005,240,1212,2946,0.127012
c1046,c6014,4,1212,14,0.030708
c1046,c6017,3,1212,380,0.004421
c1046,c6020,7,1212,25,0.040214
c1046,c6024,11,1212,393,0.015938
c1046,c6037,21,1212,1730,0.014503
c1046,c6050,21,1212,409,0.029827
c1048,c2007,9,10,3943,0.045324
c1048,c2046,7,10,236,0.144093
c1048,c2124,4,10,3249,0.022191
c1048,c2185,4,10,4281,0.019332
c1048,c5069,8,10,1683,0.061666
c1048,c6005,3,10,2946,0.017479
c1055,c1143,3,73,270,0.021369
c1055,c1171,4,73,457,0.0219
c1055,c1172,6,73,1461,0.018372
c1055,c1179,3,73,230,0.023152
c1055,c1183,11,73,2992,0.023537
c1055,c2007,43,73,3943,0.080148
c1055,c2076,17,73,2327,0.041247
c1055,c2103,5,73,1006,0.018451
c1055,c2112,55,73,293,0.376069
c1055,c2124,17,73,3249,0.034907
c1055,c2131,3,73,2009,0.007834
c1055,c2148,8,73,2490,0.018764
c1055,c2181,10,73,1841,0.027278
c1055,c2185,7,73,4281,0.012522
c1055,c5033,3,73,1083,0.01067
c1055,c5069,9,73,1683,0.025677
c1055,c5154,13,73,3297,0.026499
c1055,c6005,24,73,2946,0.051753
c1060,c1104,6,179,326,0.024838
c1060,c1117,27,179,2703,0.038816
c1060,c1153,15,179,1040,0.034765
c1060,c1162,14,179,273,0.063332
c1060,c1168,19,179,1523,0.03639
c1060,c1171,5,179,457,0.017482
c1060,c1172,5,179,1461,0.009777
c1060,c1173,4,179,31,0.053697
c1060,c1176,8,179,846,0.020558
c1060,c1177,4,179,325,0.016584
c1060,c1178,4,179,1125,0.008914
c1060,c1182,5,179,608,0.015156
c1060,c1183,53,179,2992,0.072422
c1060,c2001,10,179,946,0.024301
c1060,c2002,5,179,45,0.055711
c1060,c2007,24,179,3943,0.028567
c1060,c2009,12,179,1209,0.025795
c1060,c2012,3,179,367,0.011705
c1060,c2049,4,179,175,0.0226
c1060,c2066,7,179,920,0.01725
c1060,c2070,3,179,67,0.027394
c1060,c2071,14,179,646,0.04117
c1060,c2076,16,179,2327,0.024791
c1060,c2095,3,179,95,0.023006
c1060,c2101,5,179,13,0.103651
c1060,c2103,14,179,1006,0.032992
c1060,c2113,37,179,745,0.10132
c1060,c2124,51,179,3249,0.066876
c1060,c2129,9,179,1048,0.02078
c1060,c2131,27,179,2009,0.045024
c1060,c2148,6,179,2490,0.008987
c1060,c2181,7,179,1841,0.012194
c1060,c2184,8,179,801,0.021127
c1060,c2185,66,179,4281,0.075395
c1060,c4004,5,179,207,0.025975
c1060,c4123,3,179,1582,0.005638
c1060,c5033,7,179,1083,0.015899
c1060,c5069,42,179,1683,0.076521
c1060,c5072,5,179,308,0.021295
c1060,c5110,3,179,191,0.016225
c1060,c5147,18,179,1501,0.034726
c1060,c5154,10,179,3297,0.013017
c1060,c5175,8,179,348,0.032053
c1060,c5190,5,179,1004,0.011794
c1060,c6005,34,179,2946,0.04682
c1060,c6017,3,179,380,0.011503
c1060,c6024,11,179,393,0.041473
c1060,c6037,14,179,1730,0.025158
c1060,c6050,9,179,409,0.033262
c1065,c1143,13,131,270,0.069124
c1065,c1150,3,131,116,0.024336
c1065,c1168,61,131,1523,0.136567
c1065,c1172,3,131,1461,0.006857
c1065,c2004,42,131,352,0.195588
c1065,c2007,20,131,3943,0.027828
c1065,c2024,11,131,670,0.03713
c1065,c2066,3,131,920,0.008642
c1065,c2124,8,131,3249,0.012263
c1065,c2148,18,131,2490,0.031516
c1065,c2181,13,131,1841,0.026472
c1065,c2184,3,131,801,0.009261
c1065,c2185,63,131,4281,0.084126
c1065,c5033,55,131,1083,0.14602
c1065,c5128,6,131,236,0.034124
c1065,c5147,6,131,1501,0.013531
c1065,c5154,11,131,3297,0.016738
c1065,c6005,22,131,2946,0.035414
c1076,c1104,3,41,326,0.025949
c1076,c1168,3,41,1523,0.012005
c1076,c1183,17,41,2992,0.048537
c1076,c2007,8,41,3943,0.019897
c1076,c2066,8,41,920,0.041191
c1076,c2076,3,41,2327,0.009713
c1076,c2103,5,41,1006,0.024619
c1076,c2124,10,41,3249,0.027399
c1076,c2129,6,41,1048,0.028945
c1076,c2131,5,41,2009,0.017422
c1076,c2148,14,41,2490,0.043816
c1076,c2184,5,41,801,0.027591
c1076,c2185,3,41,4281,0.007161
c1076,c5069,4,41,1683,0.015227
c1076,c5147,4,41,1501,0.016124
c1076,c5154,18,41,3297,0.048958
c1076,c6005,4,41,2946,0.011509
c1076,c6037,4,41,1730,0.015019
c1083,c1112,4,72,358,0.024915
c1083,c1117,4,72,2703,0.009067
c1083,c1133,3,72,1775,0.008392
c1083,c1143,4,72,270,0.028689
c1083,c1153,9,72,1040,0.03289
c1083,c1163,3,72,247,0.022496
c1083,c1168,6,72,1523,0.018119
c1083,c1171,4,72,457,0.022051
c1083,c1172,3,72,1461,0.00925
c1083,c1178,8,72,1125,0.028109
c1083,c1183,7,72,2992,0.015082
c1083,c2007,22,72,3943,0.04129
c1083,c2009,3,72,1209,0.010168
c1083,c2024,15,72,670,0.068295
c1083,c2046,4,72,236,0.030686
c1083,c2076,11,72,2327,0.026874
c1083,c2099,4,72,52,0.065372
c1083,c2103,4,72,1006,0.014863
c1083,c2112,3,72,293,0.020655
c1083,c2124,4,72,3249,0.00827
c1083,c2148,10,72,2490,0.023618
c1083,c2181,14,72,1841,0.038453
c1083,c2185,32,72,4281,0.057638
c1083,c4123,3,72,1582,0.008889
c1083,c5009,9,72,186,0.077771
c1083,c5033,5,72,1083,0.017906
c1083,c5147,3,72,1501,0.009126
c1083,c5154,4,72,3297,0.00821
c1083,c6005,9,72,2946,0.019542
c1089,c2103,5,16,1006,0.03941
c1089,c2124,14,16,3249,0.061404
c1089,c2128,3,16,117,0.069338
c1089,c2129,5,16,1048,0.038613
c1089,c2131,13,16,2009,0.072509
c1089,c2185,3,16,4281,0.011463
c1091,c1103,4,257,214,0.017056
c1091,c1104,4,257,326,0.013819
c1091,c1112,6,257,358,0.019781
c1091,c1117,71,257,2703,0.085186
c1091,c1131,3,257,39,0.029966
c1091,c1133,5,257,1775,0.007403
c1091,c1153,5,257,1040,0.009671
c1091,c1162,5,257,273,0.018877
c1091,c1168,14,257,1523,0.022377
c1091,c1171,5,257,457,0.01459
c1091,c1172,20,257,1461,0.032639
c1091,c1176,29,257,846,0.062194
c1091,c1178,4,257,1125,0.007439
c1091,c1182,9,257,608,0.022768
c1091,c1183,82,257,2992,0.093512
c1091,c2001,24,257,946,0.048674
c1091,c2007,52,257,3943,0.051656
c1091,c2009,16,257,1209,0.028704
c1091,c2012,3,257,367,0.009768
c1091,c2015,7,257,229,0.028855
c1091,c2016,5,257,96,0.031832
c1091,c2066,6,257,920,0.012339
c1091,c2076,55,257,2327,0.071121
c1091,c2079,3,257,141,0.01576
c1091,c2112,3,257,293,0.010933
c1091,c2113,10,257,745,0.022854
c1091,c2124,62,257,3249,0.06785
c1091,c2129,19,257,1048,0.036611
c1091,c2131,27,257,2009,0.037576
c1091,c2148,18,257,2490,0.022501
c1091,c2181,60,257,1841,0.087228
c1091,c2185,53,257,4281,0.050529
c1091,c4123,26,257,1582,0.040776
c1091,c4158,10,257,185,0.045861
c1091,c5069,23,257,1683,0.034972
c1091,c5111,12,257,257,0.046693
c1091,c5147,7,257,1501,0.01127
c1091,c5154,92,257,3297,0.099945
c1091,c5190,18,257,1004,0.035436
c1091,c6005,60,257,2946,0.068955
c1091,c6017,5,257,380,0.016
c1091,c6024,4,257,393,0.012586
c1091,c6037,43,257,1730,0.064488
c1093,c1133,5,5,1775,0.053074
c1093,c2007,3,5,3943,0.021366
c1102,c2124,4,4,3249,0.035088
c1103,c1104,3,214,326,0.011358
c1103,c1112,7,214,358,0.02529
c1103,c1117,44,214,2703,0.057853
c1103,c1133,5,214,1775,0.008113
c1103,c1153,16,214,1040,0.033915
c1103,c1162,8,214,273,0.033098
c1103,c1168,25,214,1523,0.043791
c1103,c1172,14,214,1461,0.025038
c1103,c1176,6,214,846,0.014101
c1103,c1178,15,214,1125,0.030571
c1103,c1182,12,214,608,0.033268
c1103,c1183,60,214,2992,0.074983
c1103,c2001,9,214,946,0.020003
c1103,c2002,3,214,45,0.030571
c1103,c2007,63,214,3943,0.068584
c1103,c2009,22,214,1209,0.043252
c1103,c2015,8,214,229,0.036138
c1103,c2016,3,214,96,0.02093
c1103,c2024,4,214,670,0.010564
c1103,c2049,5,214,175,0.025837
c1103,c2076,23,214,2327,0.032593
c1103,c2101,3,214,13,0.056878
c1103,c2103,4,214,1006,0.008621
c1103,c2112,6,214,293,0.023961
c1103,c2113,6,214,745,0.015027
c1103,c2124,68,214,3249,0.081551
c1103,c2128,4,214,117,0.025279
c1103,c2129,12,214,1048,0.025339
c1103,c2131,34,214,2009,0.051854
c1103,c2148,26,214,2490,0.035618
c1103,c2181,27,214,1841,0.043016
c1103,c2184,16,214,801,0.038645
c1103,c2185,69,214,4281,0.072089
c1103,c4123,19,214,1582,0.032655
c1103,c5046,3,214,328,0.011323
c1103,c5069,10,214,1683,0.016663
c1103,c5110,6,214,191,0.029678
c1103,c5147,14,214,1501,0.024702
c1103,c5154,45,214,3297,0.053573
c1103,c5190,3,214,1004,0.006472
c1103,c6005,28,214,2946,0.035264
c1103,c6017,6,214,380,0.02104
c1103,c6024,3,214,393,0.010345
c1103,c6037,24,214,1730,0.039444
c1103,c6050,3,214,409,0.01014
c1104,c1117,25,326,2703,0.026632
c1104,c1133,32,326,1775,0.042067
c1104,c1144,5,326,45,0.041281
c1104,c1150,3,326,116,0.015427
c1104,c1153,15,326,1040,0.025761
c1104,c1162,21,326,273,0.070393
c1104,c1163,3,326,247,0.010572
c1104,c1168,46,326,1523,0.065283
c1104,c1171,14,326,457,0.036271
c1104,c1172,34,326,1461,0.049266
c1104,c1176,4,326,846,0.007617
c1104,c1177,6,326,325,0.018433
c1104,c1178,16,326,1125,0.02642
c1104,c1179,6,326,230,0.021912
c1104,c1182,5,326,608,0.011231
c1104,c1183,15,326,2992,0.015188
c1104,c2001,22,326,946,0.039616
c1104,c2007,68,326,3943,0.059977
c1104,c2009,33,326,1209,0.052564
c1104,c2012,6,326,367,0.017346
c1104,c2024,24,326,670,0.051353
c1104,c2046,6,326,236,0.021631
c1104,c2049,5,326,175,0.020934
c1104,c2066,23,326,920,0.041998
c1104,c2070,3,326,67,0.020299
c1104,c2071,14,326,646,0.030507
c1104,c2076,32,326,2327,0.03674
c1104,c2080,5,326,207,0.019248
c1104,c2082,3,326,104,0.016293
c1104,c2102,8,326,217,0.030078
c1104,c2103,10,326,1006,0.017462
c1104,c2110,9,326,241,0.032109
c1104,c2113,9,326,745,0.018262
c1104,c2124,64,326,3249,0.062187
c1104,c2127,3,326,300,0.009593
c1104,c2129,11,326,1048,0.018819
c1104,c2131,55,326,2009,0.067962
c1104,c2132,4,326,129,0.019505
c1104,c2148,43,326,2490,0.047727
c1104,c2181,43,326,1841,0.055505
c1104,c2184,26,326,801,0.05088
c1104,c2185,137,326,4281,0.115968
c1104,c4123,7,326,1582,0.009747
c1104,c5009,3,326,186,0.012183
c1104,c5033,4,326,1083,0.006732
c1104,c5046,4,326,328,0.012232
c1104,c5069,26,326,1683,0.035101
c1104,c5072,4,326,308,0.012623
c1104,c5111,5,326,257,0.017274
c1104,c5147,39,326,1501,0.055753
c1104,c5154,68,326,3297,0.06559
c1104,c5175,12,326,348,0.035627
c1104,c5190,24,326,1004,0.04195
c1104,c6005,47,326,2946,0.047959
c1104,c6017,4,326,380,0.011365
c1104,c6037,31,326,1730,0.041279
c1104,c6050,12,326,409,0.032863
c1109,c1117,6,39,2703,0.01848
c1109,c1168,5,39,1523,0.020516
c1109,c1183,17,39,2992,0.049766
c1109,c2103,3,39,1006,0.015146
c1109,c2124,14,39,3249,0.03933
c1109,c2129,6,39,1048,0.029678
c1109,c2131,10,39,2009,0.035725
c1109,c2148,5,39,2490,0.016045
c1109,c2184,3,39,801,0.016974
c1109,c2185,16,39,4281,0.039158
c1109,c4004,3,39,207,0.033389
c1109,c5069,5,39,1683,0.019516
c1109,c5147,6,39,1501,0.024799
c1109,c5154,19,39,3297,0.052986
c1109,c6005,4,39,2946,0.011801
c1109,c6024,3,39,393,0.024232
c1109,c6037,9,39,1730,0.034649
c1112,c1117,43,358,2703,0.043712
c1112,c1133,23,358,1775,0.028853
c1112,c1143,6,358,270,0.019299
c1112,c1153,6,358,1040,0.009833
c1112,c1168,33,358,1523,0.044691
c1112,c1172,40,358,1461,0.055309
c1112,c1176,9,358,846,0.016354
c1112,c1178,23,358,1125,0.036242
c1112,c1182,30,358,608,0.064303
c1112,c1183,29,358,2992,0.02802
c1112,c2001,11,358,946,0.018902
c1112,c2004,4,358,352,0.011268
c1112,c2007,148,358,3943,0.124568
c1112,c2009,26,358,1209,0.03952
c1112,c2015,6,358,229,0.020955
c1112,c2016,28,358,96,0.151036
c1112,c2024,16,358,670,0.032669
c1112,c2046,63,358,236,0.216742
c1112,c2066,13,358,920,0.022652
c1112,c2071,6,358,646,0.012477
c1112,c2076,45,358,2327,0.049303
c1112,c2079,10,358,141,0.044509
c1112,c2082,5,358,104,0.025913
c1112,c2090,8,358,68,0.051274
c1112,c2102,4,358,217,0.014351
c1112,c2103,8,358,1006,0.013331
c1112,c2113,15,358,745,0.029045
c1112,c2124,53,358,3249,0.049143
c1112,c2128,6,358,117,0.029317
c1112,c2129,6,358,1048,0.009796
c1112,c2131,11,358,2009,0.012971
c1112,c2132,3,358,129,0.01396
c1112,c2148,74,358,2490,0.078377
c1112,c2181,33,358,1841,0.040649
c1112,c2184,5,358,801,0.009337
c1112,c2185,140,358,4281,0.113087
c1112,c4123,12,358,1582,0.015945
c1112,c4144,4,358,21,0.046133
c1112,c4158,8,358,185,0.031086
c1112,c5033,47,358,1083,0.075482
c1112,c5046,9,358,328,0.026264
c1112,c5069,33,358,1683,0.042514
c1112,c5082,3,358,15,0.040939
c1112,c5111,7,358,257,0.023078
c1112,c5128,3,358,236,0.010321
c1112,c5147,11,358,1501,0.015006
c1112,c5154,21,358,3297,0.019329
c1112,c5175,3,358,348,0.008499
c1112,c5190,31,358,1004,0.051707
c1112,c6005,84,358,2946,0.081794
c1112,c6017,48,358,380,0.130139
c1112,c6024,6,358,393,0.015996
c1112,c6037,22,358,1730,0.027955
c1112,c6050,5,358,409,0.013067
c1117,c1131,4,2703,39,0.01232
c1117,c1133,104,2703,1775,0.04748
c1117,c1134,3,2703,14,0.015422
c1117,c1143,14,2703,270,0.016388
c1117,c1144,6,2703,45,0.017204
c1117,c1148,17,2703,48,0.047196
c1117,c1153,160,2703,1040,0.095429
c1117,c1158,5,2703,40,0.015206
c1117,c1162,20,2703,273,0.023282
c1117,c1163,7,2703,247,0.008567
c1117,c1168,126,2703,1523,0.062101
c1117,c1171,75,2703,457,0.067481
c1117,c1172,239,2703,1461,0.120268
c1117,c1173,6,2703,31,0.020728
c1117,c1176,199,2703,846,0.131597
c1117,c1177,5,2703,325,0.005335
c1117,c1178,67,2703,1125,0.038422
c1117,c1179,9,2703,230,0.011414
c1117,c1182,86,2703,608,0.067085
c1117,c1183,638,2703,2992,0.224345
c1117,c2001,153,2703,946,0.09568
c1117,c2002,7,2703,45,0.020071
c1117,c2007,654,2703,3943,0.200328
c1117,c2009,225,2703,1209,0.124465
c1117,c2012,28,2703,367,0.028113
c1117,c2015,56,2703,229,0.071178
c1117,c2016,17,2703,96,0.033373
c1117,c2023,19,2703,52,0.050679
c1117,c2024,19,2703,670,0.014119
c1117,c2046,13,2703,236,0.016277
c1117,c2049,29,2703,175,0.042165
c1117,c2053,3,2703,8,0.020401
c1117,c2062,8,2703,24,0.03141
c1117,c2066,129,2703,920,0.081804
c1117,c2071,80,2703,646,0.060541
c1117,c2076,346,2703,2327,0.137961
c1117,c2079,18,2703,141,0.029157
c1117,c2080,4,2703,207,0.005348
c1117,c2085,3,2703,25,0.011541
c1117,c2090,7,2703,68,0.016328
c1117,c2095,18,2703,95,0.035521
c1117,c2099,5,2703,52,0.013337
c1117,c2102,5,2703,217,0.006529
c1117,c2103,132,2703,1006,0.080048
c1117,c2106,5,2703,22,0.020504
c1117,c2109,4,2703,14,0.020562
c1117,c2110,15,2703,241,0.018585
c1117,c2111,5,2703,30,0.017558
c1117,c2112,50,2703,293,0.056184
c1117,c2113,269,2703,745,0.189562
c1117,c2124,575,2703,3249,0.19403
c1117,c2127,9,2703,300,0.009994
c1117,c2128,6,2703,117,0.010669
c1117,c2129,200,2703,1048,0.11883
c1117,c2131,500,2703,2009,0.214564
c1117,c2132,3,2703,129,0.00508
c1117,c2148,273,2703,2490,0.10523
c1117,c2165,5,2703,11,0.028997
c1117,c2181,449,2703,1841,0.201278
c1117,c2184,98,2703,801,0.066602
c1117,c2185,525,2703,4281,0.154335
c1117,c4004,19,2703,207,0.025401
c1117,c4123,712,2703,1582,0.344313
c1117,c4144,4,2703,21,0.016789
c1117,c4158,52,2703,185,0.073535
c1117,c5009,6,2703,186,0.008462
c1117,c5016,7,2703,25,0.026928
c1117,c5033,19,2703,1083,0.011105
c1117,c5069,238,2703,1683,0.111587
c1117,c5072,56,2703,308,0.061375
c1117,c5082,4,2703,15,0.019865
c1117,c5110,8,2703,191,0.011134
c1117,c5111,23,2703,257,0.027595
c1117,c5128,5,2703,236,0.00626
c1117,c5147,188,2703,1501,0.093335
c1117,c5154,767,2703,3297,0.256929
c1117,c5175,46,2703,348,0.047429
c1117,c5190,173,2703,1004,0.105016
c1117,c6005,524,2703,2946,0.185691
c1117,c6017,125,2703,380,0.123338
c1117,c6024,59,2703,393,0.057244
c1117,c6037,390,2703,1730,0.180351
c1117,c6050,23,2703,409,0.021875
c1117,c6062,5,2703,11,0.028997
c1118,c1178,3,10,1125,0.028284
c1118,c1183,3,10,2992,0.017344
c1118,c2076,4,10,2327,0.026222
c1118,c5154,3,10,3297,0.016522
c1118,c6005,3,10,2946,0.017479
c1126,c1172,4,18,1461,0.024666
c1126,c1183,7,18,2992,0.030163
c1126,c2007,9,18,3943,0.033783
c1126,c2076,5,18,2327,0.024431
c1126,c2185,7,18,4281,0.025217
c1126,c5069,3,18,1683,0.017236
c1126,c5154,4,18,3297,0.01642
c1126,c6005,3,18,2946,0.013028
c1127,c1133,13,16,1775,0.077141
c1127,c2007,9,16,3943,0.035832
c1127,c2127,3,16,300,0.043301
c1127,c2148,5,16,2490,0.02505
c1127,c2185,3,16,4281,0.011463
c1127,c5046,3,16,328,0.041412
c1127,c6005,10,16,2946,0.04606
c1131,c1162,10,39,273,0.096914
c1131,c1176,5,39,846,0.027527
c1131,c1178,5,39,1125,0.02387
c1131,c1183,18,39,2992,0.052694
c1131,c2001,4,39,946,0.020825
c1131,c2007,5,39,3943,0.01275
c1131,c2076,4,39,2327,0.013278
c1131,c2124,8,39,3249,0.022474
c1131,c2129,7,39,1048,0.034625
c1131,c2181,3,39,1841,0.011196
c1131,c2185,12,39,4281,0.029368
c1131,c5069,3,39,1683,0.01171
c1131,c5154,22,39,3297,0.061352
c1131,c6005,8,39,2946,0.023602
c1131,c6037,4,39,1730,0.015399
c1133,c1143,4,1775,270,0.005778
c1133,c1150,9,1775,116,0.019834
c1133,c1153,26,1775,1040,0.019136
c1133,c1162,6,1775,273,0.008619
c1133,c1163,32,1775,247,0.048328
c1133,c1168,59,1775,1523,0.035884
c1133,c1171,8,1775,457,0.008882
c1133,c1172,111,1775,1461,0.068928
c1133,c1173,3,1775,31,0.012789
c1133,c1176,30,1775,846,0.024481
c1133,c1177,11,1775,325,0.014483
c1133,c1178,260,1775,1125,0.183992
c1133,c1179,69,1775,230,0.107991
c1133,c1182,62,1775,608,0.059682
c1133,c1183,123,1775,2992,0.053373
c1133,c2001,42,1775,946,0.032412
c1133,c2007,452,1775,3943,0.170854
c1133,c2009,52,1775,1209,0.035497
c1133,c2011,3,1775,17,0.01727
c1133,c2012,28,1775,367,0.034692
c1133,c2016,5,1775,96,0.012113
c1133,c2023,4,1775,52,0.013166
c1133,c2024,71,1775,670,0.065106
c1133,c2046,8,1775,236,0.01236
c1133,c2048,11,1775,146,0.021608
c1133,c2062,4,1775,24,0.01938
c1133,c2066,101,1775,920,0.079037
c1133,c2069,6,1775,14,0.038062
c1133,c2070,4,1775,67,0.011599
c1133,c2071,36,1775,646,0.033619
c1133,c2072,4,1775,15,0.024514
c1133,c2076,352,1775,2327,0.173199
c1133,c2079,36,1775,141,0.07196
c1133,c2080,32,1775,207,0.052792
c1133,c2090,31,1775,68,0.089229
c1133,c2095,4,1775,95,0.009741
c1133,c2099,15,1775,52,0.049373
c1133,c2102,100,1775,217,0.161128
c1133,c2103,150,1775,1006,0.112252
c1133,c2110,199,1775,241,0.30426
c1133,c2112,6,1775,293,0.00832
c1133,c2113,9,1775,745,0.007826
c1133,c2124,193,1775,3249,0.080368
c1133,c2127,293,1775,300,0.401521
c1133,c2128,12,1775,117,0.026332
c1133,c2129,15,1775,1048,0.010998
c1133,c2131,123,1775,2009,0.065135
c1133,c2132,6,1775,129,0.012539
c1133,c2148,549,1775,2490,0.26114
c1133,c2181,218,1775,1841,0.120595
c1133,c2184,52,1775,801,0.04361
c1133,c2185,671,1775,4281,0.243417
c1133,c4004,3,1775,207,0.004949
c1133,c4123,42,1775,1582,0.025064
c1133,c4158,6,1775,185,0.01047
c1133,c5009,88,1775,186,0.153154
c1133,c5024,3,1775,9,0.023736
c1133,c5033,60,1775,1083,0.043275
c1133,c5046,287,1775,328,0.376137
c1133,c5069,456,1775,1683,0.26383
c1133,c5072,73,1775,308,0.09873
c1133,c5089,3,1775,49,0.010172
c1133,c5110,40,1775,191,0.068698
c1133,c5111,15,1775,257,0.022209
c1133,c5128,46,1775,236,0.071073
c1133,c5147,141,1775,1501,0.086383
c1133,c5154,126,1775,3297,0.052085
c1133,c5175,16,1775,348,0.020358
c1133,c5190,61,1775,1004,0.045694
c1133,c6005,395,1775,2946,0.172735
c1133,c6017,4,1775,380,0.00487
c1133,c6024,20,1775,393,0.023946
c1133,c6037,44,1775,1730,0.025109
c1133,c6050,115,1775,409,0.13497
c1134,c1168,5,14,1523,0.034242
c1134,c1183,7,14,2992,0.034202
c1134,c2007,3,14,3943,0.012769
c1134,c2113,4,14,745,0.039167
c1134,c2124,4,14,3249,0.018755
c1134,c2185,5,14,4281,0.020424
c1134,c6005,3,14,2946,0.014772
c1134,c6037,3,14,1730,0.019277
c1142,c1172,6,11,1461,0.047329
c1142,c2001,3,11,946,0.029409
c1142,c2185,7,11,4281,0.032257
c1143,c1168,10,270,1523,0.015594
c1143,c1171,5,270,457,0.014234
c1143,c1172,34,270,1461,0.054134
c1143,c1177,14,270,325,0.047261
c1143,c1178,42,270,1125,0.076206
c1143,c1179,3,270,230,0.012039
c1143,c1183,15,270,2992,0.016689
c1143,c2001,4,270,946,0.007915
c1143,c2004,7,270,352,0.022706
c1143,c2007,33,270,3943,0.031983
c1143,c2009,3,270,1209,0.005251
c1143,c2011,3,270,17,0.044281
c1143,c2012,3,270,367,0.00953
c1143,c2024,92,270,670,0.216306
c1143,c2047,5,270,9,0.10143
c1143,c2066,3,270,920,0.006019
c1143,c2076,8,270,2327,0.010093
c1143,c2080,8,270,207,0.033839
c1143,c2082,3,270,104,0.017903
c1143,c2103,42,270,1006,0.080588
c1143,c2110,5,270,241,0.019601
c1143,c2124,39,270,3249,0.04164
c1143,c2128,3,270,117,0.016879
c1143,c2131,18,270,2009,0.02444
c1143,c2148,9,270,2490,0.010976
c1143,c2181,14,270,1841,0.019857
c1143,c2184,9,270,801,0.019353
c1143,c2185,109,270,4281,0.101385
c1143,c4123,23,270,1582,0.035192
c1143,c5009,11,270,186,0.049086
c1143,c5033,47,270,1083,0.086916
c1143,c5069,31,270,1683,0.045987
c1143,c5111,6,270,257,0.022777
c1143,c5128,58,270,236,0.229768
c1143,c5147,7,270,1501,0.010996
c1143,c5154,23,270,3297,0.024377
c1143,c5175,31,270,348,0.101132
c1143,c6005,54,270,2946,0.060547
c1143,c6037,13,270,1730,0.019021
c1144,c1172,3,45,1461,0.0117
c1144,c1183,17,45,2992,0.04633
c1144,c2007,9,45,3943,0.021366
c1144,c2066,3,45,920,0.014744
c1144,c2076,5,45,2327,0.015451
c1144,c2102,3,45,217,0.030359
c1144,c2103,11,45,1006,0.0517
c1144,c2124,4,45,3249,0.010461
c1144,c2131,3,45,2009,0.009978
c1144,c2148,5,45,2490,0.014937
c1144,c2181,9,45,1841,0.031269
c1144,c2184,3,45,801,0.015802
c1144,c2185,23,45,4281,0.052402
c1144,c4123,11,45,1582,0.041227
c1144,c5154,8,45,3297,0.020769
c1144,c6005,8,45,2946,0.021972
c1144,c6024,3,45,393,0.022559
c1144,c6050,3,45,409,0.022113
c1146,c1153,4,4,1040,0.062017
c1146,c2124,3,4,3249,0.026316
c1147,c1172,13,19,1461,0.078026
c1147,c2082,3,19,104,0.067488
c1147,c2110,3,19,241,0.044334
c1147,c2185,11,19,4281,0.038569
c1147,c5147,6,19,1501,0.035529
c1147,c5154,6,19,3297,0.023973
c1147,c5190,3,19,1004,0.021721
c1148,c1153,7,48,1040,0.03133
c1148,c1168,3,48,1523,0.011096
c1148,c1172,3,48,1461,0.011329
c1148,c1183,7,48,2992,0.018471
c1148,c2001,3,48,946,0.014078
c1148,c2007,7,48,3943,0.01609
c1148,c2009,3,48,1209,0.012453
c1148,c2024,4,48,670,0.022305
c1148,c2076,6,48,2327,0.017953
c1148,c2124,11,48,3249,0.027855
c1148,c2129,3,48,1048,0.013376
c1148,c2131,8,48,2009,0.025762
c1148,c2148,6,48,2490,0.017355
c1148,c2181,3,48,1841,0.010092
c1148,c2185,16,48,4281,0.035296
c1148,c4123,3,48,1582,0.010887
c1148,c5069,9,48,1683,0.031665
c1148,c5110,3,48,191,0.031332
c1148,c5154,10,48,3297,0.025137
c1148,c5190,6,48,1004,0.027332
c1148,c6005,14,48,2946,0.03723
c1150,c1168,30,116,1523,0.071374
c1150,c1172,17,116,1461,0.041295
c1150,c1178,14,116,1125,0.038755
c1150,c1182,14,116,608,0.052717
c1150,c1183,6,116,2992,0.010185
c1150,c2001,3,116,946,0.009056
c1150,c2004,10,116,352,0.049488
c1150,c2007,33,116,3943,0.048795
c1150,c2011,3,116,17,0.067557
c1150,c2012,3,116,367,0.01454
c1150,c2024,21,116,670,0.075327
c1150,c2048,4,116,146,0.030737
c1150,c2076,7,116,2327,0.013473
c1150,c2080,4,116,207,0.025813
c1150,c2089,3,116,63,0.035093
c1150,c2103,4,116,1006,0.011709
c1150,c2124,9,116,3249,0.01466
c1150,c2127,5,116,300,0.026803
c1150,c2132,3,116,129,0.024524
c1150,c2148,7,116,2490,0.013025
c1150,c2181,17,116,1841,0.036787
c1150,c2185,48,116,4281,0.068115
c1150,c5009,3,116,186,0.020424
c1150,c5033,27,116,1083,0.076176
c1150,c5069,12,116,1683,0.027159
c1150,c5111,10,116,257,0.057917
c1150,c5147,3,116,1501,0.00719
c1150,c5154,10,116,3297,0.01617
c1150,c5190,6,116,1004,0.017581
c1150,c6005,18,116,2946,0.030791
c1150,c6050,5,116,409,0.022955
c1153,c1162,12,1040,273,0.022521
c1153,c1168,7,1040,1523,0.005562
c1153,c1171,47,1040,457,0.068175
c1153,c1172,45,1040,1461,0.036507
c1153,c1176,93,1040,846,0.099147
c1153,c1178,34,1040,1125,0.031433
c1153,c1182,35,1040,608,0.044015
c1153,c1183,330,1040,2992,0.187075
c1153,c2001,132,1040,946,0.13308
c1153,c2002,7,1040,45,0.032358
c1153,c2007,258,1040,3943,0.127406
c1153,c2009,206,1040,1209,0.183712
c1153,c2012,83,1040,367,0.134347
c1153,c2015,4,1040,229,0.008196
c1153,c2019,7,1040,33,0.037785
c1153,c2023,6,1040,52,0.025801
c1153,c2024,19,1040,670,0.022761
c1153,c2049,14,1040,175,0.032817
c1153,c2066,18,1040,920,0.018402
c1153,c2070,4,1040,67,0.015153
c1153,c2071,98,1040,646,0.119562
c1153,c2076,148,1040,2327,0.095136
c1153,c2079,5,1040,141,0.013057
c1153,c2090,4,1040,68,0.015041
c1153,c2095,3,1040,95,0.009544
c1153,c2103,22,1040,1006,0.021508
c1153,c2112,7,1040,293,0.012681
c1153,c2113,63,1040,745,0.071572
c1153,c2124,366,1040,3249,0.199108
c1153,c2128,7,1040,117,0.020067
c1153,c2129,140,1040,1048,0.134101
c1153,c2131,267,1040,2009,0.184716
c1153,c2148,74,1040,2490,0.045985
c1153,c2181,114,1040,1841,0.082387
c1153,c2184,34,1040,801,0.037252
c1153,c2185,83,1040,4281,0.039336
c1153,c4004,23,1040,207,0.049571
c1153,c4123,55,1040,1582,0.042879
c1153,c4158,12,1040,185,0.027358
c1153,c5009,23,1040,186,0.052294
c1153,c5046,16,1040,328,0.027395
c1153,c5069,68,1040,1683,0.051398
c1153,c5072,7,1040,308,0.012368
c1153,c5110,103,1040,191,0.231102
c1153,c5111,14,1040,257,0.02708
c1153,c5147,43,1040,1501,0.034416
c1153,c5154,294,1040,3297,0.158771
c1153,c5175,17,1040,348,0.028258
c1153,c5190,49,1040,1004,0.047953
c1153,c6005,96,1040,2946,0.054845
c1153,c6017,12,1040,380,0.019089
c1153,c6024,30,1040,393,0.046925
c1153,c6037,121,1040,1730,0.090208
c1153,c6050,3,1040,409,0.0046
c1156,c2124,3,3,3249,0.030387
c1156,c2129,3,3,1048,0.053503
c1158,c1183,4,40,2992,0.011562
c1158,c2007,16,40,3943,0.040288
c1158,c2066,3,40,920,0.015639
c1158,c2076,3,40,2327,0.009833
c1158,c2103,8,40,1006,0.039881
c1158,c2113,4,40,745,0.023171
c1158,c2124,9,40,3249,0.024965
c1158,c2131,5,40,2009,0.017638
c1158,c2148,9,40,2490,0.028518
c1158,c2181,4,40,1841,0.01474
c1158,c2185,22,40,4281,0.053164
c1158,c4123,6,40,1582,0.023852
c1158,c5154,7,40,3297,0.019276
c1158,c5190,6,40,1004,0.02994
c1158,c6005,6,40,2946,0.017479
c1158,c6024,3,40,393,0.023927
c1158,c6037,5,40,1730,0.019007
c1162,c1168,39,273,1523,0.060483
c1162,c1171,6,273,457,0.016987
c1162,c1172,51,273,1461,0.080754
c1162,c1176,10,273,846,0.020808
c1162,c1177,5,273,325,0.016786
c1162,c1178,19,273,1125,0.034284
c1162,c1182,4,273,608,0.009818
c1162,c1183,113,273,2992,0.125031
c1162,c2001,24,273,946,0.047226
c1162,c2007,62,273,3943,0.059758
c1162,c2009,19,273,1209,0.033072
c1162,c2012,6,273,367,0.018956
c1162,c2024,10,273,670,0.023382
c1162,c2071,9,273,646,0.021431
c1162,c2076,27,273,2327,0.033875
c1162,c2113,8,273,745,0.017739
c1162,c2124,24,273,3249,0.025483
c1162,c2129,12,273,1048,0.022435
c1162,c2131,13,273,2009,0.017554
c1162,c2148,20,273,2490,0.024258
c1162,c2181,42,273,1841,0.059244
c1162,c2184,14,273,801,0.029939
c1162,c2185,94,273,4281,0.086951
c1162,c4123,23,273,1582,0.034998
c1162,c5033,9,273,1083,0.016552
c1162,c5069,24,273,1683,0.035407
c1162,c5072,4,273,308,0.013794
c1162,c5147,93,273,1501,0.145282
c1162,c5154,74,273,3297,0.077999
c1162,c5175,40,273,348,0.129774
c1162,c5190,7,273,1004,0.013371
c1162,c6005,35,273,2946,0.039027
c1162,c6037,10,273,1730,0.014551
c1163,c1168,4,247,1523,0.006522
c1163,c1172,17,247,1461,0.028299
c1163,c1176,3,247,846,0.006563
c1163,c1177,3,247,325,0.010588
c1163,c1178,39,247,1125,0.073984
c1163,c1179,35,247,230,0.146844
c1163,c1183,3,247,2992,0.00349
c1163,c2007,70,247,3943,0.070931
c1163,c2012,21,247,367,0.069749
c1163,c2024,18,247,670,0.044247
c1163,c2066,21,247,920,0.044053
c1163,c2071,10,247,646,0.025034
c1163,c2076,13,247,2327,0.017147
c1163,c2080,17,247,207,0.075182
c1163,c2082,5,247,104,0.031196
c1163,c2102,7,247,217,0.030236
c1163,c2103,23,247,1006,0.04614
c1163,c2124,3,247,3249,0.003349
c1163,c2127,4,247,300,0.014694
c1163,c2148,108,247,2490,0.137713
c1163,c2181,5,247,1841,0.007415
c1163,c2185,168,247,4281,0.163376
c1163,c4123,4,247,1582,0.006399
c1163,c5033,11,247,1083,0.021268
c1163,c5046,4,247,328,0.014053
c1163,c5089,6,247,49,0.054539
c1163,c5147,18,247,1501,0.029562
c1163,c5154,12,247,3297,0.013298
c1163,c5190,17,247,1004,0.034138
c1163,c6005,28,247,2946,0.032824
c1163,c6024,11,247,393,0.035306
c1163,c6050,11,247,409,0.034608
c1168,c1171,18,1523,457,0.021576
c1168,c1172,114,1523,1461,0.076424
c1168,c1176,36,1523,846,0.031715
c1168,c1177,190,1523,325,0.270061
c1168,c1178,312,1523,1125,0.238357
c1168,c1179,8,1523,230,0.013517
c1168,c1182,30,1523,608,0.031176
c1168,c1183,240,1523,2992,0.11243
c1168,c2001,26,1523,946,0.021661
c1168,c2004,104,1523,352,0.14204
c1168,c2007,319,1523,3943,0.130175
c1168,c2009,57,1523,1209,0.042006
c1168,c2012,12,1523,367,0.016051
c1168,c2015,8,1523,229,0.013546
c1168,c2016,7,1523,96,0.018307
c1168,c2020,10,1523,19,0.058786
c1168,c2024,94,1523,670,0.093055
c1168,c2046,5,1523,236,0.00834
c1168,c2048,10,1523,146,0.021207
c1168,c2049,7,1523,175,0.013559
c1168,c2062,4,1523,24,0.020922
c1168,c2066,28,1523,920,0.023655
c1168,c2070,5,1523,67,0.015652
c1168,c2071,19,1523,646,0.019155
c1168,c2076,146,1523,2327,0.077554
c1168,c2079,12,1523,141,0.025895
c1168,c2080,4,1523,207,0.007124
c1168,c2082,24,1523,104,0.060304
c1168,c2085,6,1523,25,0.030749
c1168,c2095,8,1523,95,0.021032
c1168,c2102,17,1523,217,0.029571
c1168,c2103,48,1523,1006,0.038779
c1168,c2106,3,1523,22,0.016389
c1168,c2110,9,1523,241,0.014855
c1168,c2112,4,1523,293,0.005988
c1168,c2113,30,1523,745,0.028164
c1168,c2124,317,1523,3249,0.142506
c1168,c2127,6,1523,300,0.008876
c1168,c2128,9,1523,117,0.021321
c1168,c2129,37,1523,1048,0.029287
c1168,c2131,107,1523,2009,0.061171
c1168,c2132,109,1523,129,0.245913
c1168,c2148,137,1523,2490,0.070351
c1168,c2181,246,1523,1841,0.146912
c1168,c2184,63,1523,801,0.057039
c1168,c2185,360,1523,4281,0.140987
c1168,c4004,10,1523,207,0.01781
c1168,c4123,60,1523,1582,0.038654
c1168,c4144,7,1523,21,0.039142
c1168,c4158,22,1523,185,0.041446
c1168,c5009,5,1523,186,0.009394
c1168,c5033,344,1523,1083,0.267852
c1168,c5046,3,1523,328,0.004245
c1168,c5069,123,1523,1683,0.076827
c1168,c5072,15,1523,308,0.021901
c1168,c5089,3,1523,49,0.010982
c1168,c5110,22,1523,191,0.04079
c1168,c5111,8,1523,257,0.012787
c1168,c5128,5,1523,236,0.00834
c1168,c5147,95,1523,1501,0.062832
c1168,c5154,342,1523,3297,0.152622
c1168,c5175,18,1523,348,0.024725
c1168,c5190,22,1523,1004,0.017791
c1168,c6005,359,1523,2946,0.169484
c1168,c6017,15,1523,380,0.019717
c1168,c6020,7,1523,25,0.035874
c1168,c6024,11,1523,393,0.014218
c1168,c6037,89,1523,1730,0.05483
c1168,c6050,92,1523,409,0.116567
c1169,c2007,3,7,3943,0.018058
c1169,c2185,3,7,4281,0.01733
c1169,c5033,3,7,1083,0.034455
c1171,c1172,9,457,1461,0.011014
c1171,c1176,15,457,846,0.024124
c1171,c1178,9,457,1125,0.012552
c1171,c1179,7,457,230,0.021591
c1171,c1182,12,457,608,0.022765
c1171,c1183,146,457,2992,0.124857
c1171,c2001,16,457,946,0.024334
c1171,c2007,64,457,3943,0.047677
c1171,c2009,32,457,1209,0.043051
c1171,c2012,12,457,367,0.029302
c1171,c2015,4,457,229,0.012365
c1171,c2024,6,457,670,0.010843
c1171,c2049,15,457,175,0.053041
c1171,c2066,22,457,920,0.033929
c1171,c2070,5,457,67,0.028574
c1171,c2071,25,457,646,0.046011
c1171,c2076,48,457,2327,0.046546
c1171,c2103,21,457,1006,0.030971
c1171,c2112,16,457,293,0.043725
c1171,c2113,17,457,745,0.029135
c1171,c2124,202,457,3249,0.165775
c1171,c2129,17,457,1048,0.024565
c1171,c2131,99,457,2009,0.103321
c1171,c2148,17,457,2490,0.015936
c1171,c2181,47,457,1841,0.05124
c1171,c2184,35,457,801,0.057849
c1171,c2185,85,457,4281,0.06077
c1171,c4004,49,457,207,0.159314
c1171,c4123,39,457,1582,0.045867
c1171,c4158,3,457,185,0.010318
c1171,c5069,29,457,1683,0.033067
c1171,c5072,24,457,308,0.06397
c1171,c5111,8,457,257,0.023343
c1171,c5147,57,457,1501,0.068822
c1171,c5154,134,457,3297,0.109166
c1171,c5175,12,457,348,0.030091
c1171,c5190,13,457,1004,0.019192
c1171,c6005,66,457,2946,0.056881
c1171,c6017,9,457,380,0.021597
c1171,c6024,11,457,393,0.025956
c1171,c6037,93,457,1730,0.104593
c1171,c6050,3,457,409,0.006939
c1172,c1176,37,1461,846,0.033281
c1172,c1177,31,1461,325,0.044988
c1172,c1178,72,1461,1125,0.056161
c1172,c1179,22,1461,230,0.037952
c1172,c1182,93,1461,608,0.098675
c1172,c1183,232,1461,2992,0.110964
c1172,c2001,44,1461,946,0.037427
c1172,c2002,6,1461,45,0.0234
c1172,c2004,34,1461,352,0.047411
c1172,c2007,276,1461,3943,0.114993
c1172,c2009,58,1461,1209,0.043641
c1172,c2012,11,1461,367,0.015022
c1172,c2015,38,1461,229,0.065696
c1172,c2016,8,1461,96,0.021361
c1172,c2024,238,1461,670,0.240555
c1172,c2046,20,1461,236,0.03406
c1172,c2048,13,1461,146,0.028148
c1172,c2049,4,1461,175,0.007911
c1172,c2066,66,1461,920,0.056928
c1172,c2069,3,1461,14,0.020976
c1172,c2071,33,1461,646,0.033968
c1172,c2076,213,1461,2327,0.11552
c1172,c2079,10,1461,141,0.022033
c1172,c2080,49,1461,207,0.089102
c1172,c2082,19,1461,104,0.048743
c1172,c2090,6,1461,68,0.019036
c1172,c2095,14,1461,95,0.037579
c1172,c2102,20,1461,217,0.03552
c1172,c2103,52,1461,1006,0.042892
c1172,c2110,19,1461,241,0.03202
c1172,c2112,32,1461,293,0.048909
c1172,c2113,31,1461,745,0.029714
c1172,c2124,209,1461,3249,0.095928
c1172,c2127,11,1461,300,0.016615
c1172,c2128,7,1461,117,0.016931
c1172,c2129,26,1461,1048,0.021012
c1172,c2131,62,1461,2009,0.036189
c1172,c2132,12,1461,129,0.027641
c1172,c2148,146,1461,2490,0.076547
c1172,c2181,165,1461,1841,0.100608
c1172,c2184,48,1461,801,0.044371
c1172,c2185,384,1461,4281,0.153544
c1172,c4004,9,1461,207,0.016366
c1172,c4123,181,1461,1582,0.119056
c1172,c4158,10,1461,185,0.019235
c1172,c5009,5,1461,186,0.009592
c1172,c5016,4,1461,25,0.02093
c1172,c5033,48,1461,1083,0.038159
c1172,c5046,16,1461,328,0.023113
c1172,c5069,145,1461,1683,0.09247
c1172,c5072,16,1461,308,0.023852
c1172,c5082,4,1461,15,0.02702
c1172,c5110,19,1461,191,0.035968
c1172,c5111,33,1461,257,0.053855
c1172,c5147,120,1461,1501,0.081034
c1172,c5154,359,1461,3297,0.163572
c1172,c5175,30,1461,348,0.042073
c1172,c5190,117,1461,1004,0.096604
c1172,c6005,466,1461,2946,0.224618
c1172,c6014,7,1461,14,0.048945
c1172,c6017,63,1461,380,0.084552
c1172,c6024,13,1461,393,0.017156
c1172,c6037,127,1461,1730,0.079883
c1172,c6050,28,1461,409,0.036222
c1173,c1183,10,31,2992,0.032835
c1173,c2007,3,31,3943,0.008581
c1173,c2076,6,31,2327,0.022339
c1173,c2124,4,31,3249,0.012604
c1173,c2131,6,31,2009,0.024043
c1173,c2185,13,31,4281,0.035685
c1173,c5033,4,31,1083,0.021831
c1173,c5069,3,31,1683,0.013134
c1173,c5154,4,31,3297,0.012512
c1173,c5190,4,31,1004,0.022673
c1173,c6005,7,31,2946,0.023163
c1173,c6037,6,31,1730,0.025909
c1176,c1178,16,846,1125,0.016401
c1176,c1179,5,846,230,0.011335
c1176,c1182,21,846,608,0.029281
c1176,c1183,263,846,2992,0.165306
c1176,c2001,76,846,946,0.084954
c1176,c2002,4,846,45,0.020501
c1176,c2007,230,846,3943,0.12593
c1176,c2009,64,846,1209,0.063282
c1176,c2012,16,846,367,0.028715
c1176,c2013,3,846,12,0.029775
c1176,c2016,4,846,96,0.014036
c1176,c2019,5,846,33,0.029925
c1176,c2023,4,846,52,0.019071
c1176,c2024,7,846,670,0.009298
c1176,c2046,3,846,236,0.006714
c1176,c2049,8,846,175,0.020791
c1176,c2066,18,846,920,0.020403
c1176,c2071,88,846,646,0.119037
c1176,c2076,82,846,2327,0.058443
c1176,c2103,22,846,1006,0.023847
c1176,c2112,5,846,293,0.010043
c1176,c2113,48,846,745,0.060461
c1176,c2124,178,846,3249,0.107364
c1176,c2128,3,846,117,0.009535
c1176,c2129,51,846,1048,0.054163
c1176,c2131,185,846,2009,0.141905
c1176,c2148,48,846,2490,0.033072
c1176,c2181,138,846,1841,0.110578
c1176,c2184,32,846,801,0.038873
c1176,c2185,208,846,4281,0.109296
c1176,c4004,8,846,207,0.019117
c1176,c4123,122,846,1582,0.105456
c1176,c4158,14,846,185,0.035388
c1176,c5033,13,846,1083,0.013581
c1176,c5069,48,846,1683,0.040227
c1176,c5072,16,846,308,0.031344
c1176,c5110,5,846,191,0.012439
c1176,c5111,7,846,257,0.015012
c1176,c5147,81,846,1501,0.07188
c1176,c5154,232,846,3297,0.138913
c1176,c5175,13,846,348,0.023959
c1176,c5190,35,846,1004,0.037977
c1176,c6005,165,846,2946,0.104516
c1176,c6017,5,846,380,0.008818
c1176,c6024,18,846,393,0.031217
c1176,c6037,112,846,1730,0.092578
c1176,c6050,4,846,409,0.0068
c1177,c1178,47,325,1125,0.077728
c1177,c1183,34,325,2992,0.034479
c1177,c2001,6,325,946,0.010821
c1177,c2004,4,325,352,0.011826
c1177,c2007,85,325,3943,0.075087
c1177,c2009,6,325,1209,0.009572
c1177,c2024,19,325,670,0.040717
c1177,c2046,15,325,236,0.054162
c1177,c2076,20,325,2327,0.022998
c1177,c2080,17,325,207,0.065542
c1177,c2082,4,325,104,0.021757
c1177,c2089,10,325,63,0.069886
c1177,c2102,3,325,217,0.011297
c1177,c2103,13,325,1006,0.022735
c1177,c2124,39,325,3249,0.037953
c1177,c2125,4,325,17,0.053814
c1177,c2129,3,325,1048,0.00514
c1177,c2131,21,325,2009,0.025989
c1177,c2132,33,325,129,0.161167
c1177,c2148,39,325,2490,0.043353
c1177,c2181,53,325,1841,0.068518
c1177,c2184,13,325,801,0.025479
c1177,c2185,107,325,4281,0.090713
c1177,c5009,9,325,186,0.036605
c1177,c5033,51,325,1083,0.085964
c1177,c5069,26,325,1683,0.035155
c1177,c5110,4,325,191,0.016055
c1177,c5128,12,325,236,0.043329
c1177,c5147,48,325,1501,0.068724
c1177,c5154,71,325,3297,0.068589
c1177,c5190,9,325,1004,0.015756
c1177,c6005,82,325,2946,0.083802
c1177,c6024,4,325,393,0.011192
c1177,c6037,11,325,1730,0.01467
c1177,c6050,12,325,409,0.032914
c1178,c1179,36,1125,230,0.070772
c1178,c1182,17,1125,608,0.020555
c1178,c1183,84,1125,2992,0.045785
c1178,c2001,10,1125,946,0.009693
c1178,c2004,27,1125,352,0.042906
c1178,c2007,117,1125,3943,0.055552
c1178,c2009,28,1125,1209,0.024009
c1178,c2012,35,1125,367,0.05447
c1178,c2016,6,1125,96,0.018257
c1178,c2024,89,1125,670,0.102512
c1178,c2046,9,1125,236,0.017467
c1178,c2048,14,1125,146,0.034544
c1178,c2066,66,1125,920,0.064874
c1178,c2071,15,1125,646,0.017595
c1178,c2076,89,1125,2327,0.055007
c1178,c2079,4,1125,141,0.010043
c1178,c2080,33,1125,207,0.068384
c1178,c2082,6,1125,104,0.017541
c1178,c2089,11,1125,63,0.041319
c1178,c2090,7,1125,68,0.025309
c1178,c2099,4,1125,52,0.016538
c1178,c2102,21,1125,217,0.042502
c1178,c2103,37,1125,1006,0.03478
c1178,c2110,17,1125,241,0.032649
c1178,c2111,5,1125,30,0.027217
c1178,c2112,13,1125,293,0.022643
c1178,c2113,9,1125,745,0.009831
c1178,c2124,124,1125,3249,0.064859
c1178,c2127,34,1125,300,0.058525
c1178,c2128,9,1125,117,0.024807
c1178,c2129,33,1125,1048,0.030392
c1178,c2131,64,1125,2009,0.042571
c1178,c2132,23,1125,129,0.060375
c1178,c2148,260,1125,2490,0.155345
c1178,c2181,103,1125,1841,0.071571
c1178,c2184,49,1125,801,0.051618
c1178,c2185,588,1125,4281,0.267934
c1178,c4004,3,1125,207,0.006217
c1178,c4123,23,1125,1582,0.01724
c1178,c4158,3,1125,185,0.006576
c1178,c5009,23,1125,186,0.05028
c1178,c5033,122,1125,1083,0.110527
c1178,c5046,59,1125,328,0.097127
c1178,c5069,78,1125,1683,0.056686
c1178,c5072,9,1125,308,0.015289
c1178,c5089,10,1125,49,0.042592
c1178,c5110,27,1125,191,0.058247
c1178,c5111,13,1125,257,0.024177
c1178,c5128,30,1125,236,0.058222
c1178,c5147,97,1125,1501,0.074646
c1178,c5149,3,1125,11,0.026968
c1178,c5154,173,1125,3297,0.089828
c1178,c5175,18,1125,348,0.028768
c1178,c5190,52,1125,1004,0.048928
c1178,c6005,148,1125,2946,0.081296
c1178,c6017,7,1125,380,0.010706
c1178,c6020,3,1125,25,0.017889
c1178,c6037,40,1125,1730,0.028672
c1178,c6050,40,1125,409,0.058969
c1179,c1183,16,230,2992,0.019287
c1179,c2001,5,230,946,0.010719
c1179,c2007,60,230,3943,0.063005
c1179,c2009,10,230,1209,0.018964
c1179,c2024,21,230,670,0.053496
c1179,c2066,13,230,920,0.028261
c1179,c2076,17,230,2327,0.023237
c1179,c2080,3,230,207,0.013749
c1179,c2082,5,230,104,0.032329
c1179,c2090,3,230,68,0.023988
c1179,c2103,8,230,1006,0.016631
c1179,c2110,7,230,241,0.029732
c1179,c2112,15,230,293,0.057782
c1179,c2124,28,230,3249,0.032391
c1179,c2127,8,230,300,0.030455
c1179,c2129,10,230,1048,0.020368
c1179,c2131,18,230,2009,0.02648
c1179,c2148,57,230,2490,0.07532
c1179,c2181,13,230,1841,0.019978
c1179,c2184,10,230,801,0.023298
c1179,c2185,117,230,4281,0.11791
c1179,c4123,4,230,1582,0.006631
c1179,c5009,3,230,186,0.014504
c1179,c5033,13,230,1083,0.026047
c1179,c5069,16,230,1683,0.025717
c1179,c5072,4,230,308,0.015029
c1179,c5128,3,230,236,0.012877
c1179,c5147,25,230,1501,0.042549
c1179,c5154,15,230,3297,0.017225
c1179,c6005,64,230,2946,0.07775
c1179,c6037,20,230,1730,0.031706
c1179,c6050,4,230,409,0.013042
c1182,c1183,108,608,2992,0.080074
c1182,c2001,20,608,946,0.026371
c1182,c2007,185,608,3943,0.119483
c1182,c2009,43,608,1209,0.050154
c1182,c2012,3,608,367,0.006351
c1182,c2015,29,608,229,0.077719
c1182,c2016,6,608,96,0.024835
c1182,c2024,19,608,670,0.029769
c1182,c2046,4,608,236,0.01056
c1182,c2049,3,608,175,0.009197
c1182,c2066,23,608,920,0.030753
c1182,c2071,16,608,646,0.02553
c1182,c2076,76,608,2327,0.063895
c1182,c2079,11,608,141,0.037569
c1182,c2080,3,608,207,0.008456
c1182,c2090,3,608,68,0.014754
c1182,c2095,11,608,95,0.04577
c1182,c2102,3,608,217,0.008259
c1182,c2103,73,608,1006,0.093341
c1182,c2110,7,608,241,0.018287
c1182,c2112,9,608,293,0.021323
c1182,c2113,18,608,745,0.026745
c1182,c2124,145,608,3249,0.103167
c1182,c2127,3,608,300,0.007024
c1182,c2128,4,608,117,0.014997
c1182,c2129,46,608,1048,0.057627
c1182,c2131,58,608,2009,0.052479
c1182,c2148,96,608,2490,0.078022
c1182,c2181,69,608,1841,0.065218
c1182,c2184,21,608,801,0.030092
c1182,c2185,167,608,4281,0.103512
c1182,c4004,7,608,207,0.019732
c1182,c4123,69,608,1582,0.070355
c1182,c4158,4,608,185,0.011927
c1182,c5016,5,608,25,0.040555
c1182,c5033,12,608,1083,0.014788
c1182,c5046,8,608,328,0.017914
c1182,c5069,73,608,1683,0.072165
c1182,c5072,13,608,308,0.030041
c1182,c5110,6,608,191,0.017607
c1182,c5111,20,608,257,0.050595
c1182,c5147,34,608,1501,0.035591
c1182,c5154,122,608,3297,0.086169
c1182,c5175,8,608,348,0.017392
c1182,c5190,41,608,1004,0.052477
c1182,c6005,109,608,2946,0.081444
c1182,c6017,26,608,380,0.054092
c1182,c6024,4,608,393,0.008183
c1182,c6037,43,608,1730,0.041927
c1182,c6050,11,608,409,0.022059
c1183,c2001,213,2992,946,0.126606
c1183,c2002,9,2992,45,0.024528
c1183,c2004,16,2992,352,0.015591
c1183,c2007,736,2992,3943,0.214281
c1183,c2009,354,2992,1209,0.186127
c1183,c2011,3,2992,17,0.013302
c1183,c2012,66,2992,367,0.062984
c1183,c2013,3,2992,12,0.015833
c1183,c2015,39,2992,229,0.047116
c1183,c2016,13,2992,96,0.024256
c1183,c2019,22,2992,33,0.070014
c1183,c2022,3,2992,3,0.031665
c1183,c2023,16,2992,52,0.040564
c1183,c2024,35,2992,670,0.02472
c1183,c2046,29,2992,236,0.034511
c1183,c2048,7,2992,146,0.010591
c1183,c2049,59,2992,175,0.081537
c1183,c2053,6,2992,8,0.038782
c1183,c2066,141,2992,920,0.084985
c1183,c2070,20,2992,67,0.04467
c1183,c2071,194,2992,646,0.139542
c1183,c2076,380,2992,2327,0.144014
c1183,c2079,14,2992,141,0.021554
c1183,c2080,18,2992,207,0.022872
c1183,c2082,14,2992,104,0.025098
c1183,c2085,6,2992,25,0.021938
c1183,c2090,5,2992,68,0.011085
c1183,c2095,22,2992,95,0.041265
c1183,c2101,4,2992,13,0.020282
c1183,c2102,9,2992,217,0.011169
c1183,c2103,142,2992,1006,0.081848
c1183,c2106,9,2992,22,0.035079
c1183,c2109,4,2992,14,0.019544
c1183,c2110,27,2992,241,0.031796
c1183,c2112,50,2992,293,0.053402
c1183,c2113,182,2992,745,0.121902
c1183,c2124,411,2992,3249,0.131821
c1183,c2126,3,2992,11,0.016537
c1183,c2127,22,2992,300,0.023221
c1183,c2128,26,2992,117,0.043944
c1183,c2129,231,2992,1048,0.130452
c1183,c2131,363,2992,2009,0.148059
c1183,c2132,19,2992,129,0.030583
c1183,c2148,248,2992,2490,0.09086
c1183,c2165,4,2992,11,0.022049
c1183,c2181,322,2992,1841,0.137198
c1183,c2184,200,2992,801,0.129191
c1183,c2185,789,2992,4281,0.220457
c1183,c4004,18,2992,207,0.022872
c1183,c4123,262,2992,1582,0.120425
c1183,c4144,5,2992,21,0.019947
c1183,c4158,31,2992,185,0.041667
c1183,c5009,3,2992,186,0.004021
c1183,c5033,92,2992,1083,0.051108
c1183,c5046,20,2992,328,0.020189
c1183,c5069,307,2992,1683,0.136809
c1183,c5072,59,2992,308,0.06146
c1183,c5110,33,2992,191,0.043653
c1183,c5111,39,2992,257,0.044475
c1183,c5128,10,2992,236,0.0119
c1183,c5147,355,2992,1501,0.167516
c1183,c5149,3,2992,11,0.016537
c1183,c5154,919,2992,3297,0.292601
c1183,c5175,40,2992,348,0.0392
c1183,c5190,85,2992,1004,0.049042
c1183,c6003,6,2992,10,0.034687
c1183,c6005,300,2992,2946,0.101047
c1183,c6017,79,2992,380,0.074089
c1183,c6024,87,2992,393,0.080231
c1183,c6037,421,2992,1730,0.185045
c1183,c6050,71,2992,409,0.064182
c2001,c2007,245,946,3943,0.126855
c2001,c2009,68,946,1209,0.063584
c2001,c2012,27,946,367,0.045823
c2001,c2015,11,946,229,0.023634
c2001,c2016,3,946,96,0.009955
c2001,c2024,4,946,670,0.005024
c2001,c2046,11,946,236,0.02328
c2001,c2048,9,946,146,0.024217
c2001,c2049,8,946,175,0.019662
c2001,c2066,49,946,920,0.052524
c2001,c2070,3,946,67,0.011916
c2001,c2071,37,946,646,0.04733
c2001,c2076,164,946,2327,0.110535
c2001,c2079,6,946,141,0.016428
c2001,c2082,8,946,104,0.025505
c2001,c2085,4,946,25,0.02601
c2001,c2095,3,946,95,0.010007
c2001,c2102,4,946,217,0.008828
c2001,c2103,17,946,1006,0.017426
c2001,c2110,4,946,241,0.008377
c2001,c2112,13,946,293,0.024692
c2001,c2113,38,946,745,0.045265
c2001,c2124,181,946,3249,0.103242
c2001,c2127,5,946,300,0.009386
c2001,c2128,18,946,117,0.054105
c2001,c2129,40,946,1048,0.040173
c2001,c2131,257,946,2009,0.186422
c2001,c2132,3,946,129,0.008588
c2001,c2148,63,946,2490,0.041048
c2001,c2181,92,946,1841,0.069713
c2001,c2184,52,946,801,0.059737
c2001,c2185,134,946,4281,0.066587
c2001,c4004,25,946,207,0.056495
c2001,c4123,59,946,1582,0.048228
c2001,c4158,7,946,185,0.016733
c2001,c5033,10,946,1083,0.00988
c2001,c5069,48,946,1683,0.038041
c2001,c5072,21,946,308,0.038904
c2001,c5110,21,946,191,0.049403
c2001,c5111,18,946,257,0.036506
c2001,c5147,230,946,1501,0.193015
c2001,c5154,324,946,3297,0.183459
c2001,c5175,23,946,348,0.040086
c2001,c5190,123,946,1004,0.12621
c2001,c6005,150,946,2946,0.089852
c2001,c6017,22,946,380,0.036693
c2001,c6024,28,946,393,0.045922
c2001,c6037,108,946,1730,0.084422
c2001,c6050,14,946,409,0.022507
c2002,c2007,12,45,3943,0.028488
c2002,c2076,3,45,2327,0.009271
c2002,c2101,4,45,13,0.16538
c2002,c2103,3,45,1006,0.0141
c2002,c2113,3,45,745,0.016385
c2002,c2124,9,45,3249,0.023538
c2002,c2148,4,45,2490,0.01195
c2002,c2181,4,45,1841,0.013897
c2002,c2185,22,45,4281,0.050124
c2002,c4123,4,45,1582,0.014992
c2002,c5069,5,45,1683,0.018169
c2002,c5147,3,45,1501,0.011543
c2002,c5154,10,45,3297,0.025962
c2002,c6005,9,45,2946,0.024718
c2002,c6037,9,45,1730,0.032256
c2004,c2007,86,352,3943,0.072998
c2004,c2009,5,352,1209,0.007665
c2004,c2015,3,352,229,0.010567
c2004,c2024,64,352,670,0.131787
c2004,c2046,6,352,236,0.020817
c2004,c2066,11,352,920,0.01933
c2004,c2076,5,352,2327,0.005525
c2004,c2082,6,352,104,0.031359
c2004,c2085,3,352,25,0.03198
c2004,c2103,3,352,1006,0.005041
c2004,c2124,32,352,3249,0.029923
c2004,c2131,5,352,2009,0.005946
c2004,c2132,4,352,129,0.018771
c2004,c2148,69,352,2490,0.073702
c2004,c2181,28,352,1841,0.034782
c2004,c2185,145,352,4281,0.11812
c2004,c4158,8,352,185,0.03135
c2004,c5033,121,352,1083,0.195975
c2004,c5069,13,352,1683,0.01689
c2004,c5147,19,352,1501,0.026139
c2004,c5154,32,352,3297,0.029704
c2004,c5190,6,352,1004,0.010093
c2004,c6005,89,352,2946,0.087398
c2004,c6020,5,352,25,0.0533
c2004,c6037,5,352,1730,0.006407
c2007,c2009,153,3943,1209,0.070075
c2007,c2011,8,3943,17,0.0309
c2007,c2012,64,3943,367,0.053203
c2007,c2013,6,3943,12,0.027583
c2007,c2015,74,3943,229,0.077875
c2007,c2016,36,3943,96,0.058513
c2007,c2019,15,3943,33,0.041583
c2007,c2020,5,3943,19,0.018268
c2007,c2023,7,3943,52,0.015459
c2007,c2024,45,3943,670,0.027686
c2007,c2038,4,3943,12,0.018389
c2007,c2046,181,3943,236,0.187633
c2007,c2048,47,3943,146,0.061945
c2007,c2049,33,3943,175,0.039727
c2007,c2062,4,3943,24,0.013003
c2007,c2066,193,3943,920,0.101333
c2007,c2069,4,3943,14,0.017025
c2007,c2070,13,3943,67,0.025293
c2007,c2071,170,3943,646,0.106517
c2007,c2076,727,3943,2327,0.240006
c2007,c2079,23,3943,141,0.030846
c2007,c2080,51,3943,207,0.056451
c2007,c2082,12,3943,104,0.018739
c2007,c2085,7,3943,25,0.022295
c2007,c2088,6,3943,9,0.031851
c2007,c2089,4,3943,63,0.008026
c2007,c2090,9,3943,68,0.017381
c2007,c2095,16,3943,95,0.026142
c2007,c2099,14,3943,52,0.030918
c2007,c2102,91,3943,217,0.098378
c2007,c2103,100,3943,1006,0.05021
c2007,c2106,4,3943,22,0.013581
c2007,c2109,5,3943,14,0.021281
c2007,c2110,77,3943,241,0.078989
c2007,c2111,11,3943,30,0.031983
c2007,c2112,128,3943,293,0.119087
c2007,c2113,218,3943,745,0.127194
c2007,c2124,712,3943,3249,0.198926
c2007,c2125,5,3943,17,0.019312
c2007,c2127,54,3943,300,0.04965
c2007,c2128,41,3943,117,0.060364
c2007,c2129,85,3943,1048,0.041814
c2007,c2131,194,3943,2009,0.068928
c2007,c2132,37,3943,129,0.051879
c2007,c2148,536,3943,2490,0.171061
c2007,c2165,4,3943,11,0.019207
c2007,c2181,253,3943,1841,0.093903
c2007,c2184,156,3943,801,0.08778
c2007,c2185,1150,3943,4281,0.279906
c2007,c4004,31,3943,207,0.034313
c2007,c4123,307,3943,1582,0.12292
c2007,c4144,5,3943,21,0.017376
c2007,c4158,37,3943,185,0.043321
c2007,c5009,19,3943,186,0.022186
c2007,c5016,3,3943,25,0.009555
c2007,c5033,313,3943,1083,0.151467
c2007,c5046,97,3943,328,0.085295
c2007,c5069,332,3943,1683,0.128879
c2007,c5072,76,3943,308,0.068964
c2007,c5082,3,3943,15,0.012336
c2007,c5089,7,3943,49,0.015925
c2007,c5110,25,3943,191,0.028808
c2007,c5111,107,3943,257,0.106293
c2007,c5128,21,3943,236,0.02177
c2007,c5147,395,3943,1501,0.162365
c2007,c5154,820,3943,3297,0.227426
c2007,c5175,75,3943,348,0.064026
c2007,c5190,417,3943,1004,0.209583
c2007,c6005,659,3943,2946,0.193355
c2007,c6017,104,3943,380,0.084963
c2007,c6020,6,3943,25,0.01911
c2007,c6024,132,3943,393,0.106039
c2007,c6037,402,3943,1730,0.153918
c2007,c6050,111,3943,409,0.087407
c2007,c6062,6,3943,11,0.02881
c2009,c2012,52,1209,367,0.078065
c2009,c2015,23,1209,229,0.043712
c2009,c2016,4,1209,96,0.011741
c2009,c2023,4,1209,52,0.015953
c2009,c2024,6,1209,670,0.006667
c2009,c2049,7,1209,175,0.015218
c2009,c2066,31,1209,920,0.029394
c2009,c2071,55,1209,646,0.062235
c2009,c2076,120,1209,2327,0.071543
c2009,c2079,14,1209,141,0.033908
c2009,c2082,4,1209,104,0.011281
c2009,c2085,6,1209,25,0.034512
c2009,c2095,8,1209,95,0.023606
c2009,c2103,44,1209,1006,0.039897
c2009,c2110,7,1209,241,0.012968
c2009,c2112,16,1209,293,0.026883
c2009,c2113,66,1209,745,0.069543
c2009,c2124,394,1209,3249,0.198796
c2009,c2126,4,1209,11,0.034686
c2009,c2127,4,1209,300,0.006642
c2009,c2128,6,1209,117,0.015953
c2009,c2129,72,1209,1048,0.063964
c2009,c2131,181,1209,2009,0.116138
c2009,c2148,86,1209,2490,0.049566
c2009,c2181,140,1209,1841,0.09384
c2009,c2184,81,1209,801,0.082311
c2009,c2185,138,1209,4281,0.060659
c2009,c4004,35,1209,207,0.069963
c2009,c4123,109,1209,1582,0.078815
c2009,c4144,3,1209,21,0.018828
c2009,c4158,10,1209,185,0.021145
c2009,c5016,9,1209,25,0.051768
c2009,c5033,17,1209,1083,0.014857
c2009,c5046,11,1209,328,0.017468
c2009,c5069,89,1209,1683,0.062393
c2009,c5072,15,1209,308,0.024581
c2009,c5110,21,1209,191,0.043701
c2009,c5111,9,1209,257,0.016146
c2009,c5128,4,1209,236,0.007488
c2009,c5147,133,1209,1501,0.09873
c2009,c5154,257,1209,3297,0.128724
c2009,c5175,30,1209,348,0.046251
c2009,c5190,56,1209,1004,0.050829
c2009,c6005,284,1209,2946,0.150483
c2009,c6017,54,1209,380,0.079669
c2009,c6024,19,1209,393,0.027564
c2009,c6037,356,1209,1730,0.246158
c2009,c6050,11,1209,409,0.015643
c2011,c2024,3,17,670,0.02811
c2011,c2185,3,17,4281,0.01112
c2011,c5190,3,17,1004,0.022963
c2011,c6005,6,17,2946,0.026811
c2012,c2046,3,367,236,0.010194
c2012,c2066,7,367,920,0.012047
c2012,c2071,24,367,646,0.04929
c2012,c2076,21,367,2327,0.022724
c2012,c2103,14,367,1006,0.023041
c2012,c2111,5,367,30,0.047651
c2012,c2113,11,367,745,0.021037
c2012,c2124,101,367,3249,0.092494
c2012,c2128,10,367,117,0.048259
c2012,c2129,19,367,1048,0.030637
c2012,c2131,63,367,2009,0.07337
c2012,c2148,59,367,2490,0.061719
c2012,c2181,39,367,1841,0.047447
c2012,c2184,20,367,801,0.036888
c2012,c2185,123,367,4281,0.098129
c2012,c4004,6,367,207,0.021769
c2012,c4123,13,367,1582,0.017061
c2012,c5033,5,367,1083,0.007931
c2012,c5046,5,367,328,0.014411
c2012,c5069,18,367,1683,0.022903
c2012,c5072,4,367,308,0.011897
c2012,c5089,6,367,49,0.044742
c2012,c5110,13,367,191,0.049101
c2012,c5147,39,367,1501,0.052546
c2012,c5154,77,367,3297,0.07
c2012,c5175,42,367,348,0.117524
c2012,c5190,16,367,1004,0.026358
c2012,c6005,70,367,2946,0.067321
c2012,c6024,3,367,393,0.007899
c2012,c6037,30,367,1730,0.03765
c2013,c2071,7,12,646,0.079504
c2013,c5069,3,12,1683,0.02111
c2013,c5190,4,12,1004,0.036442
c2015,c2016,4,229,96,0.026978
c2015,c2071,3,229,646,0.0078
c2015,c2076,36,229,2327,0.049316
c2015,c2079,3,229,141,0.016695
c2015,c2082,3,229,104,0.01944
c2015,c2103,12,229,1006,0.025001
c2015,c2113,8,229,745,0.019368
c2015,c2124,101,229,3249,0.117092
c2015,c2129,12,229,1048,0.024495
c2015,c2131,18,229,2009,0.026538
c2015,c2148,17,229,2490,0.022513
c2015,c2181,41,229,1841,0.063145
c2015,c2184,10,229,801,0.023349
c2015,c2185,43,229,4281,0.043429
c2015,c4123,31,229,1582,0.051504
c2015,c4158,3,229,185,0.014575
c2015,c5069,20,229,1683,0.032216
c2015,c5154,43,229,3297,0.049487
c2015,c5190,4,229,1004,0.008342
c2015,c6005,74,229,2946,0.090094
c2015,c6017,34,229,380,0.115258
c2015,c6037,37,229,1730,0.058784
c2015,c6062,4,229,11,0.079698
c2016,c2046,14,96,236,0.093011
c2016,c2071,4,96,646,0.016062
c2016,c2076,12,96,2327,0.025389
c2016,c2103,3,96,1006,0.009654
c2016,c2112,5,96,293,0.029813
c2016,c2124,13,96,3249,0.023277
c2016,c2131,4,96,2009,0.009108
c2016,c2148,8,96,2490,0.016363
c2016,c2181,13,96,1841,0.030923
c2016,c2185,32,96,4281,0.049916
c2016,c4123,9,96,1582,0.023094
c2016,c5033,3,96,1083,0.009304
c2016,c5069,4,96,1683,0.009951
c2016,c5147,5,96,1501,0.013172
c2016,c5154,22,96,3297,0.039105
c2016,c5190,9,96,1004,0.028989
c2016,c6005,33,96,2946,0.062053
c2016,c6037,11,96,1730,0.026992
c2019,c2071,11,33,646,0.075339
c2019,c2113,5,33,745,0.031889
c2019,c2124,3,33,3249,0.009162
c2019,c2148,3,33,2490,0.010466
c2019,c2185,11,33,4281,0.029266
c2019,c5154,8,33,3297,0.024253
c2019,c6005,3,33,2946,0.009622
c2019,c6024,3,33,393,0.026343
c2020,c2185,4,19,4281,0.014025
c2020,c5033,8,19,1083,0.05577
c2020,c6005,11,19,2946,0.046494
c2023,c2112,3,52,293,0.024304
c2023,c2113,8,52,745,0.040645
c2023,c2124,10,52,3249,0.024329
c2023,c2129,3,52,1048,0.012851
c2023,c2131,8,52,2009,0.024751
c2023,c2181,12,52,1841,0.038784
c2023,c2185,9,52,4281,0.019075
c2023,c4123,7,52,1582,0.024406
c2023,c5069,6,52,1683,0.020282
c2023,c5147,7,52,1501,0.025056
c2023,c5154,16,52,3297,0.038642
c2023,c6005,15,52,2946,0.038324
c2023,c6037,6,52,1730,0.020004
c2024,c2046,3,670,236,0.007544
c2024,c2047,3,670,9,0.038633
c2024,c2048,9,670,146,0.028776
c2024,c2062,5,670,24,0.03943
c2024,c2066,12,670,920,0.015284
c2024,c2069,3,670,14,0.030976
c2024,c2071,6,670,646,0.00912
c2024,c2076,65,670,2327,0.052057
c2024,c2079,3,670,141,0.009761
c2024,c2080,50,670,207,0.13426
c2024,c2082,10,670,104,0.037883
c2024,c2090,6,670,68,0.02811
c2024,c2099,3,670,52,0.016072
c2024,c2102,5,670,217,0.013113
c2024,c2103,19,670,1006,0.023143
c2024,c2110,12,670,241,0.029863
c2024,c2112,4,670,293,0.009028
c2024,c2124,53,670,3249,0.035922
c2024,c2127,6,670,300,0.013383
c2024,c2131,9,670,2009,0.007757
c2024,c2132,6,670,129,0.020409
c2024,c2148,54,670,2490,0.041808
c2024,c2181,41,670,1841,0.036916
c2024,c2184,19,670,801,0.025936
c2024,c2185,207,670,4281,0.122225
c2024,c4123,6,670,1582,0.005828
c2024,c5009,20,670,186,0.056655
c2024,c5024,5,670,9,0.064389
c2024,c5033,103,670,1083,0.120917
c2024,c5046,8,670,328,0.017065
c2024,c5069,80,670,1683,0.075337
c2024,c5110,25,670,191,0.069885
c2024,c5111,3,670,257,0.00723
c2024,c5128,41,670,236,0.103108
c2024,c5147,24,670,1501,0.023932
c2024,c5154,57,670,3297,0.038351
c2024,c5175,40,670,348,0.082839
c2024,c5190,11,670,1004,0.013412
c2024,c6005,263,670,2946,0.187198
c2024,c6014,10,670,14,0.103252
c2024,c6017,10,670,380,0.019819
c2024,c6020,4,670,25,0.030907
c2024,c6024,4,670,393,0.007795
c2024,c6037,12,670,1730,0.011146
c2024,c6050,17,670,409,0.032475
c2038,c2124,4,12,3249,0.020258
c2038,c5154,3,12,3297,0.015082
c2038,c5190,3,12,1004,0.027332
c2038,c6005,4,12,2946,0.021274
c2038,c6037,3,12,1730,0.020821
c2039,c2181,3,5,1841,0.031269
c2039,c5154,4,5,3297,0.031154
c2046,c2049,4,236,175,0.019683
c2046,c2066,3,236,920,0.006438
c2046,c2071,9,236,646,0.02305
c2046,c2076,23,236,2327,0.031037
c2046,c2080,9,236,207,0.040719
c2046,c2088,5,236,9,0.108491
c2046,c2102,7,236,217,0.030932
c2046,c2103,6,236,1006,0.012314
c2046,c2124,50,236,3249,0.0571
c2046,c2128,5,236,117,0.03009
c2046,c2129,6,236,1048,0.012065
c2046,c2131,11,236,2009,0.015975
c2046,c2148,30,236,2490,0.039135
c2046,c2181,9,236,1841,0.013654
c2046,c2184,9,236,801,0.0207
c2046,c2185,84,236,4281,0.08357
c2046,c4123,3,236,1582,0.00491
c2046,c5033,58,236,1083,0.114725
c2046,c5069,36,236,1683,0.057122
c2046,c5147,12,236,1501,0.020162
c2046,c5154,13,236,3297,0.014738
c2046,c5190,6,236,1004,0.012326
c2046,c6005,48,236,2946,0.057566
c2046,c6050,7,236,409,0.022531
c2047,c4123,3,9,1582,0.025142
c2047,c6005,5,9,2946,0.030707
c2048,c2066,23,146,920,0.062756
c2048,c2076,56,146,2327,0.096076
c2048,c2102,3,146,217,0.016854
c2048,c2103,4,146,1006,0.010437
c2048,c2124,8,146,3249,0.011616
c2048,c2148,58,146,2490,0.096195
c2048,c2181,12,146,1841,0.023146
c2048,c2185,65,146,4281,0.082218
c2048,c5009,3,146,186,0.018205
c2048,c5033,14,146,1083,0.035208
c2048,c5069,7,146,1683,0.014121
c2048,c5147,13,146,1501,0.02777
c2048,c5154,29,146,3297,0.041799
c2048,c5190,38,146,1004,0.099252
c2048,c6005,24,146,2946,0.036595
c2049,c2066,6,175,920,0.014953
c2049,c2070,4,175,67,0.036941
c2049,c2071,15,175,646,0.044612
c2049,c2076,13,175,2327,0.020372
c2049,c2103,15,175,1006,0.03575
c2049,c2113,9,175,745,0.024926
c2049,c2124,75,175,3249,0.099464
c2049,c2129,52,175,1048,0.121424
c2049,c2131,39,175,2009,0.065774
c2049,c2148,13,175,2490,0.019694
c2049,c2181,11,175,1841,0.01938
c2049,c2184,5,175,801,0.013355
c2049,c2185,54,175,4281,0.062388
c2049,c4004,11,175,207,0.057795
c2049,c4123,17,175,1582,0.032309
c2049,c5069,6,175,1683,0.011056
c2049,c5111,4,175,257,0.018861
c2049,c5147,13,175,1501,0.025365
c2049,c5154,56,175,3297,0.073724
c2049,c5190,4,175,1004,0.009543
c2049,c6005,6,175,2946,0.008356
c2049,c6024,9,175,393,0.034318
c2049,c6037,11,175,1730,0.019992
c2053,c2124,3,8,3249,0.018608
c2053,c6005,4,8,2946,0.026055
c2062,c2076,4,24,2327,0.016926
c2062,c2103,5,24,1006,0.032178
c2062,c2124,4,24,3249,0.014325
c2062,c2131,3,24,2009,0.013662
c2062,c2148,12,24,2490,0.049088
c2062,c2185,4,24,4281,0.012479
c2062,c5069,9,24,1683,0.044781
c2062,c5147,3,24,1501,0.015806
c2062,c6005,10,24,2946,0.037608
c2066,c2069,7,920,14,0.061679
c2066,c2070,4,920,67,0.016111
c2066,c2071,34,920,646,0.044103
c2066,c2076,180,920,2327,0.123021
c2066,c2079,3,920,141,0.008329
c2066,c2080,4,920,207,0.009166
c2066,c2082,26,920,104,0.084055
c2066,c2102,18,920,217,0.040285
c2066,c2103,68,920,1006,0.070683
c2066,c2110,4,920,241,0.008495
c2066,c2112,10,920,293,0.019261
c2066,c2113,13,920,745,0.015703
c2066,c2124,169,920,3249,0.09775
c2066,c2127,4,920,300,0.007614
c2066,c2129,74,920,1048,0.075363
c2066,c2131,180,920,2009,0.1324
c2066,c2148,317,920,2490,0.209443
c2066,c2181,41,920,1841,0.031504
c2066,c2184,48,920,801,0.055915
c2066,c2185,290,920,4281,0.146127
c2066,c4004,16,920,207,0.036664
c2066,c4123,39,920,1582,0.032327
c2066,c5033,84,920,1083,0.084153
c2066,c5046,9,920,328,0.016384
c2066,c5069,103,920,1683,0.082775
c2066,c5072,22,920,308,0.041329
c2066,c5111,16,920,257,0.032905
c2066,c5128,53,920,236,0.113743
c2066,c5147,53,920,1501,0.045102
c2066,c5154,175,920,3297,0.100481
c2066,c5175,7,920,348,0.012371
c2066,c5190,84,920,1004,0.087401
c2066,c6005,176,920,2946,0.106906
c2066,c6017,7,920,380,0.011839
c2066,c6024,16,920,393,0.026609
c2066,c6037,78,920,1730,0.061827
c2066,c6050,22,920,409,0.035865
c2069,c2102,5,14,217,0.090714
c2069,c2148,4,14,2490,0.021424
c2069,c2185,6,14,4281,0.024508
c2069,c5154,3,14,3297,0.013964
c2069,c6005,5,14,2946,0.02462
c2070,c2071,13,67,646,0.062487
c2070,c2124,16,67,3249,0.034293
c2070,c2129,7,67,1048,0.026417
c2070,c2131,23,67,2009,0.06269
c2070,c2148,7,67,2490,0.017138
c2070,c2184,9,67,801,0.03885
c2070,c2185,16,67,4281,0.029875
c2070,c4123,8,67,1582,0.024573
c2070,c5069,21,67,1683,0.062537
c2070,c5072,3,67,308,0.020884
c2070,c5147,8,67,1501,0.025227
c2070,c5154,13,67,3297,0.02766
c2070,c5190,4,67,1004,0.015423
c2070,c6005,5,67,2946,0.011254
c2070,c6024,4,67,393,0.024651
c2071,c2076,32,646,2327,0.0261
c2071,c2090,6,646,68,0.028627
c2071,c2103,18,646,1006,0.022328
c2071,c2112,6,646,293,0.013791
c2071,c2113,36,646,745,0.051893
c2071,c2124,157,646,3249,0.10837
c2071,c2128,4,646,117,0.01455
c2071,c2129,37,646,1048,0.044968
c2071,c2131,83,646,2009,0.072857
c2071,c2132,5,646,129,0.01732
c2071,c2148,61,646,2490,0.048097
c2071,c2181,45,646,1841,0.041264
c2071,c2184,44,646,801,0.061167
c2071,c2185,162,646,4281,0.097415
c2071,c4004,13,646,207,0.03555
c2071,c4123,33,646,1582,0.032643
c2071,c4158,8,646,185,0.023141
c2071,c5033,9,646,1083,0.01076
c2071,c5069,71,646,1683,0.068093
c2071,c5072,10,646,308,0.022419
c2071,c5110,5,646,191,0.014234
c2071,c5111,8,646,257,0.019634
c2071,c5147,65,646,1501,0.06601
c2071,c5154,186,646,3297,0.127449
c2071,c5175,20,646,348,0.042182
c2071,c5190,57,646,1004,0.070777
c2071,c6005,108,646,2946,0.078287
c2071,c6017,5,646,380,0.010092
c2071,c6024,44,646,393,0.087325
c2071,c6037,62,646,1730,0.058648
c2071,c6050,11,646,409,0.0214
c2072,c2103,7,15,1006,0.056984
c2072,c2185,6,15,4281,0.023677
c2072,c5154,6,15,3297,0.02698
c2072,c6005,4,15,2946,0.019028
c2073,c2124,3,7,3249,0.019893
c2073,c2185,4,7,4281,0.023107
c2073,c5069,4,7,1683,0.036853
c2073,c5175,3,7,348,0.060783
c2076,c2079,10,2327,141,0.017458
c2076,c2080,9,2327,207,0.012968
c2076,c2085,4,2327,25,0.016584
c2076,c2090,4,2327,68,0.010056
c2076,c2095,8,2327,95,0.017015
c2076,c2099,8,2327,52,0.022998
c2076,c2102,37,2327,217,0.052068
c2076,c2103,49,2327,1006,0.032026
c2076,c2110,36,2327,241,0.048072
c2076,c2111,4,2327,30,0.015139
c2076,c2112,69,2327,293,0.083564
c2076,c2113,64,2327,745,0.048608
c2076,c2124,501,2327,3249,0.182207
c2076,c2127,27,2327,300,0.032315
c2076,c2128,16,2327,117,0.030664
c2076,c2129,161,2327,1048,0.103097
c2076,c2131,249,2327,2009,0.115163
c2076,c2132,8,2327,129,0.014601
c2076,c2148,433,2327,2490,0.179883
c2076,c2181,317,2327,1841,0.153156
c2076,c2184,67,2327,801,0.049075
c2076,c2185,630,2327,4281,0.199604
c2076,c4004,28,2327,207,0.040344
c2076,c4123,195,2327,1582,0.101633
c2076,c4158,17,2327,185,0.02591
c2076,c5009,10,2327,186,0.0152
c2076,c5033,81,2327,1083,0.051024
c2076,c5046,46,2327,328,0.052653
c2076,c5069,295,2327,1683,0.149067
c2076,c5072,34,2327,308,0.040161
c2076,c5089,3,2327,49,0.008884
c2076,c5110,16,2327,191,0.024
c2076,c5111,62,2327,257,0.080173
c2076,c5128,6,2327,236,0.008096
c2076,c5147,161,2327,1501,0.086146
c2076,c5154,525,2327,3297,0.18954
c2076,c5175,32,2327,348,0.03556
c2076,c5190,293,2327,1004,0.191691
c2076,c6005,433,2327,2946,0.165376
c2076,c6014,5,2327,14,0.027702
c2076,c6017,45,2327,380,0.047854
c2076,c6024,24,2327,393,0.025097
c2076,c6037,240,2327,1730,0.119616
c2076,c6050,27,2327,409,0.027676
c2079,c2080,5,141,207,0.029267
c2079,c2099,3,141,52,0.035036
c2079,c2103,19,141,1006,0.050448
c2079,c2110,5,141,241,0.027124
c2079,c2113,4,141,745,0.012342
c2079,c2124,36,141,3249,0.053189
c2079,c2127,7,141,300,0.034035
c2079,c2131,5,141,2009,0.009394
c2079,c2148,23,141,2490,0.038817
c2079,c2181,5,141,1841,0.009814
c2079,c2184,4,141,801,0.011902
c2079,c2185,41,141,4281,0.052772
c2079,c4123,11,141,1582,0.023291
c2079,c5009,5,141,186,0.030875
c2079,c5033,3,141,1083,0.007677
c2079,c5069,16,141,1683,0.032845
c2079,c5110,3,141,191,0.018281
c2079,c5128,10,141,236,0.054819
c2079,c5147,9,141,1501,0.019563
c2079,c5154,23,141,3297,0.033733
c2079,c6005,58,141,2946,0.089992
c2079,c6017,8,141,380,0.034561
c2079,c6037,23,141,1730,0.046569
c2080,c2102,3,207,217,0.014155
c2080,c2103,35,207,1006,0.076698
c2080,c2110,3,207,241,0.013432
c2080,c2124,11,207,3249,0.013413
c2080,c2131,4,207,2009,0.006203
c2080,c2148,38,207,2490,0.05293
c2080,c2181,6,207,1841,0.009719
c2080,c2185,148,207,4281,0.157219
c2080,c4123,10,207,1582,0.017475
c2080,c5033,19,207,1083,0.040129
c2080,c5069,6,207,1683,0.010165
c2080,c5089,3,207,49,0.029788
c2080,c5110,8,207,191,0.040234
c2080,c5147,12,207,1501,0.021528
c2080,c5154,9,207,3297,0.010894
c2080,c6005,40,207,2946,0.051222
c2080,c6050,3,207,409,0.01031
c2082,c2103,11,104,1006,0.034008
c2082,c2124,15,104,3249,0.025805
c2082,c2131,4,104,2009,0.008751
c2082,c2148,17,104,2490,0.033407
c2082,c2181,4,104,1841,0.009141
c2082,c2184,9,104,801,0.031182
c2082,c2185,43,104,4281,0.064444
c2082,c5033,18,104,1083,0.053634
c2082,c5069,4,104,1683,0.009561
c2082,c5128,12,104,236,0.076596
c2082,c5147,19,104,1501,0.048089
c2082,c5154,19,104,3297,0.032447
c2082,c6005,20,104,2946,0.036132
c2082,c6017,5,104,380,0.025151
c2082,c6050,8,104,409,0.038789
c2085,c2124,8,25,3249,0.02807
c2085,c2131,3,25,2009,0.013386
c2085,c2181,7,25,1841,0.032629
c2085,c2184,3,25,801,0.0212
c2085,c2185,3,25,4281,0.00917
c2085,c4123,4,25,1582,0.020113
c2085,c5033,3,25,1083,0.018232
c2085,c5147,4,25,1501,0.020649
c2085,c5154,5,25,3297,0.017416
c2085,c6005,3,25,2946,0.011054
c2085,c6037,5,25,1730,0.024042
c2088,c5033,3,9,1083,0.030387
c2089,c2103,7,63,1006,0.027805
c2089,c2148,15,63,2490,0.037872
c2089,c5009,43,63,186,0.39723
c2089,c5033,45,63,1083,0.172277
c2089,c5069,6,63,1683,0.018426
c2089,c5128,49,63,236,0.401855
c2089,c6005,13,63,2946,0.030176
c2090,c2103,6,68,1006,0.02294
c2090,c2110,9,68,241,0.070304
c2090,c2124,14,68,3249,0.029785
c2090,c2131,7,68,2009,0.018939
c2090,c2148,14,68,2490,0.034023
c2090,c2181,10,68,1841,0.028263
c2090,c2185,25,68,4281,0.046335
c2090,c4123,3,68,1582,0.009147
c2090,c5033,3,68,1083,0.011055
c2090,c5069,11,68,1683,0.032516
c2090,c5147,7,68,1501,0.021911
c2090,c5154,10,68,3297,0.02112
c2090,c6005,10,68,2946,0.022342
c2090,c6017,6,68,380,0.037325
c2090,c6050,3,68,409,0.017989
c2095,c2103,9,95,1006,0.029113
c2095,c2113,5,95,745,0.018794
c2095,c2124,33,95,3249,0.059399
c2095,c2129,6,95,1048,0.019016
c2095,c2131,11,95,2009,0.025179
c2095,c2148,11,95,2490,0.022617
c2095,c2181,14,95,1841,0.033476
c2095,c2184,3,95,801,0.010875
c2095,c2185,18,95,4281,0.028225
c2095,c4004,3,95,207,0.021393
c2095,c4123,14,95,1582,0.036113
c2095,c5033,3,95,1083,0.009353
c2095,c5069,13,95,1683,0.032512
c2095,c5072,3,95,308,0.017538
c2095,c5147,3,95,1501,0.007945
c2095,c5154,22,95,3297,0.03931
c2095,c6005,27,95,2946,0.051037
c2095,c6017,4,95,380,0.021053
c2095,c6037,12,95,1730,0.0296
c2099,c2102,7,52,217,0.065897
c2099,c2103,10,52,1006,0.043722
c2099,c2131,3,52,2009,0.009282
c2099,c2148,15,52,2490,0.041686
c2099,c2181,7,52,1841,0.022624
c2099,c2185,18,52,4281,0.03815
c2099,c5128,5,52,236,0.045135
c2099,c5190,6,52,1004,0.026259
c2099,c6005,21,52,2946,0.053654
c2101,c2185,7,13,4281,0.029672
c2101,c5069,3,13,1683,0.020282
c2101,c5147,3,13,1501,0.021476
c2101,c5154,4,13,3297,0.019321
c2102,c2103,4,217,1006,0.008561
c2102,c2110,8,217,241,0.034983
c2102,c2124,8,217,3249,0.009528
c2102,c2127,5,217,300,0.019597
c2102,c2148,51,217,2490,0.069381
c2102,c2181,13,217,1841,0.020568
c2102,c2184,4,217,801,0.009594
c2102,c2185,142,217,4281,0.147328
c2102,c5009,3,217,186,0.014933
c2102,c5033,15,217,1083,0.030942
c2102,c5046,36,217,328,0.134938
c2102,c5069,15,217,1683,0.024821
c2102,c5110,3,217,191,0.014736
c2102,c5111,4,217,257,0.016938
c2102,c5128,4,217,236,0.017676
c2102,c5147,23,217,1501,0.0403
c2102,c5154,25,217,3297,0.029556
c2102,c5190,14,217,1004,0.029994
c2102,c6005,19,217,2946,0.023763
c2102,c6037,3,217,1730,0.004896
c2102,c6050,16,217,409,0.053707
c2103,c2106,4,1006,22,0.026887
c2103,c2110,12,1006,241,0.024371
c2103,c2112,15,1006,293,0.027629
c2103,c2113,16,1006,745,0.018482
c2103,c2124,274,1006,3249,0.151557
c2103,c2127,19,1006,300,0.034585
c2103,c2128,3,1006,117,0.008744
c2103,c2129,27,1006,1048,0.026296
c2103,c2131,123,1006,2009,0.08652
c2103,c2132,3,1006,129,0.008328
c2103,c2148,73,1006,2490,0.046124
c2103,c2181,58,1006,1841,0.042619
c2103,c2184,103,1006,801,0.114742
c2103,c2185,203,1006,4281,0.097819
c2103,c4004,10,1006,207,0.021914
c2103,c4123,317,1006,1582,0.251279
c2103,c5009,39,1006,186,0.090159
c2103,c5033,42,1006,1083,0.040238
c2103,c5046,9,1006,328,0.015668
c2103,c5069,42,1006,1683,0.032278
c2103,c5072,66,1006,308,0.118569
c2103,c5089,7,1006,49,0.031528
c2103,c5110,17,1006,191,0.038782
c2103,c5111,8,1006,257,0.015733
c2103,c5128,31,1006,236,0.063622
c2103,c5147,105,1006,1501,0.085448
c2103,c5154,202,1006,3297,0.110916
c2103,c5175,24,1006,348,0.040562
c2103,c5190,57,1006,1004,0.056716
c2103,c6005,282,1006,2946,0.163807
c2103,c6017,20,1006,380,0.032347
c2103,c6024,13,1006,393,0.020675
c2103,c6037,95,1006,1730,0.072011
c2103,c6050,15,1006,409,0.023385
c2106,c2148,3,22,2490,0.012818
c2106,c2181,4,22,1841,0.019876
c2106,c2185,5,22,4281,0.016292
c2106,c4123,5,22,1582,0.026801
c2106,c5154,5,22,3297,0.018565
c2106,c6005,3,22,2946,0.011784
c2106,c6037,4,22,1730,0.020503
c2109,c2131,3,14,2009,0.017888
c2109,c2148,3,14,2490,0.016068
c2109,c2185,5,14,4281,0.020424
c2109,c6005,4,14,2946,0.019696
c2109,c6037,3,14,1730,0.019277
c2110,c2124,30,241,3249,0.033903
c2110,c2127,33,241,300,0.122728
c2110,c2128,3,241,117,0.017866
c2110,c2131,11,241,2009,0.015809
c2110,c2148,48,241,2490,0.061963
c2110,c2181,19,241,1841,0.028525
c2110,c2184,8,241,801,0.018208
c2110,c2185,89,241,4281,0.087621
c2110,c4123,4,241,1582,0.006478
c2110,c5009,8,241,186,0.037785
c2110,c5033,4,241,1083,0.00783
c2110,c5046,24,241,328,0.085362
c2110,c5069,29,241,1683,0.045535
c2110,c5072,11,241,308,0.040375
c2110,c5110,5,241,191,0.023305
c2110,c5128,7,241,236,0.029352
c2110,c5147,9,241,1501,0.014964
c2110,c5154,16,241,3297,0.017949
c2110,c5190,5,241,1004,0.010165
c2110,c6005,63,241,2946,0.074768
c2110,c6050,6,241,409,0.019111
c2111,c2113,4,30,745,0.026756
c2111,c2124,7,30,3249,0.022421
c2111,c2129,4,30,1048,0.022559
c2111,c2131,5,30,2009,0.020367
c2111,c2148,4,30,2490,0.014635
c2111,c2185,8,30,4281,0.022323
c2111,c4123,5,30,1582,0.022951
c2111,c5069,3,30,1683,0.013351
c2111,c5154,6,30,3297,0.019078
c2111,c5175,7,30,348,0.068509
c2111,c5190,6,30,1004,0.034572
c2111,c6005,6,30,2946,0.020182
c2111,c6037,5,30,1730,0.021948
c2112,c2113,4,293,745,0.008561
c2112,c2124,55,293,3249,0.056371
c2112,c2128,5,293,117,0.027005
c2112,c2129,15,293,1048,0.027069
c2112,c2131,29,293,2009,0.037798
c2112,c2148,62,293,2490,0.072587
c2112,c2181,38,293,1841,0.05174
c2112,c2184,9,293,801,0.018578
c2112,c2185,64,293,4281,0.057144
c2112,c4004,5,293,207,0.020303
c2112,c4123,22,293,1582,0.032314
c2112,c4158,3,293,185,0.012886
c2112,c5033,29,293,1083,0.051481
c2112,c5069,25,293,1683,0.035601
c2112,c5072,4,293,308,0.013315
c2112,c5111,4,293,257,0.014577
c2112,c5147,7,293,1501,0.010555
c2112,c5154,72,293,3297,0.073255
c2112,c5175,3,293,348,0.009395
c2112,c5190,4,293,1004,0.007375
c2112,c6005,72,293,2946,0.077497
c2112,c6017,3,293,380,0.008991
c2112,c6024,6,293,393,0.017682
c2112,c6037,18,293,1730,0.025282
c2112,c6050,4,293,409,0.011555
c2113,c2124,222,745,3249,0.142692
c2113,c2128,4,745,117,0.013548
c2113,c2129,94,745,1048,0.106382
c2113,c2131,77,745,2009,0.062939
c2113,c2148,52,745,2490,0.038179
c2113,c2181,171,745,1841,0.146013
c2113,c2184,35,745,801,0.045308
c2113,c2185,127,745,4281,0.071114
c2113,c4004,10,745,207,0.025465
c2113,c4123,121,745,1582,0.111456
c2113,c4158,8,745,185,0.021549
c2113,c5016,4,745,25,0.02931
c2113,c5069,30,745,1683,0.026792
c2113,c5072,3,745,308,0.006263
c2113,c5110,7,745,191,0.018557
c2113,c5111,10,745,257,0.022854
c2113,c5147,33,745,1501,0.031207
c2113,c5154,200,745,3297,0.127612
c2113,c5175,9,745,348,0.017676
c2113,c5190,40,745,1004,0.04625
c2113,c6005,144,745,2946,0.0972
c2113,c6017,22,745,380,0.041348
c2113,c6024,49,745,393,0.090557
c2113,c6037,87,745,1730,0.076633
c2124,c2127,42,3249,300,0.042542
c2124,c2128,25,3249,117,0.040548
c2124,c2129,607,3249,1048,0.328953
c2124,c2131,936,3249,2009,0.366363
c2124,c2132,8,3249,129,0.012357
c2124,c2148,254,3249,2490,0.089302
c2124,c2181,244,3249,1841,0.099767
c2124,c2184,263,3249,801,0.163029
c2124,c2185,564,3249,4281,0.151228
c2124,c4004,60,3249,207,0.073163
c2124,c4123,339,3249,1582,0.149528
c2124,c4144,3,3249,21,0.011485
c2124,c4158,55,3249,185,0.070942
c2124,c5009,3,3249,186,0.003859
c2124,c5016,8,3249,25,0.02807
c2124,c5033,105,3249,1083,0.055976
c2124,c5046,17,3249,328,0.016468
c2124,c5069,378,3249,1683,0.16165
c2124,c5072,79,3249,308,0.078973
c2124,c5082,6,3249,15,0.027179
c2124,c5110,41,3249,191,0.052047
c2124,c5111,49,3249,257,0.053623
c2124,c5147,186,3249,1501,0.084226
c2124,c5154,579,3249,3297,0.176907
c2124,c5175,58,3249,348,0.054546
c2124,c5190,123,3249,1004,0.068103
c2124,c6003,3,3249,10,0.016644
c2124,c6005,168,3249,2946,0.054302
c2124,c6017,92,3249,380,0.082798
c2124,c6024,87,3249,393,0.076992
c2124,c6037,525,3249,1730,0.221443
c2124,c6050,69,3249,409,0.059857
c2124,c6062,3,3249,11,0.015869
c2125,c2148,11,17,2490,0.053465
c2125,c5009,4,17,186,0.071134
c2125,c5069,10,17,1683,0.05912
c2125,c5154,4,17,3297,0.016896
c2125,c6005,4,17,2946,0.017874
c2125,c6050,4,17,409,0.04797
c2126,c2185,3,11,4281,0.013825
c2126,c5190,6,11,1004,0.057094
c2127,c2131,17,300,2009,0.021898
c2127,c2148,90,300,2490,0.104132
c2127,c2181,42,300,1841,0.056515
c2127,c2184,3,300,801,0.00612
c2127,c2185,112,300,4281,0.098829
c2127,c4123,3,300,1582,0.004355
c2127,c5009,12,300,186,0.0508
c2127,c5033,7,300,1083,0.012281
c2127,c5046,61,300,328,0.194461
c2127,c5069,58,300,1683,0.081625
c2127,c5072,23,300,308,0.075664
c2127,c5110,4,300,191,0.01671
c2127,c5147,23,300,1501,0.034275
c2127,c5154,16,300,3297,0.016088
c2127,c5190,8,300,1004,0.014577
c2127,c6005,70,300,2946,0.07446
c2127,c6037,3,300,1730,0.004164
c2127,c6050,16,300,409,0.045677
c2128,c2129,5,117,1048,0.014279
c2128,c2131,8,117,2009,0.016501
c2128,c2148,11,117,2490,0.02038
c2128,c2181,10,117,1841,0.021547
c2128,c2184,4,117,801,0.013066
c2128,c2185,31,117,4281,0.043802
c2128,c4004,3,117,207,0.019277
c2128,c4158,3,117,185,0.020391
c2128,c5033,7,117,1083,0.019665
c2128,c5069,4,117,1683,0.009014
c2128,c5072,6,117,308,0.031607
c2128,c5111,3,117,257,0.017301
c2128,c5147,15,117,1501,0.035794
c2128,c5154,29,117,3297,0.046692
c2128,c5190,10,117,1004,0.029177
c2128,c6005,19,117,2946,0.032363
c2128,c6017,3,117,380,0.014228
c2128,c6037,8,117,1730,0.017782
c2129,c2131,581,1048,2009,0.400411
c2129,c2148,40,1048,2490,0.024762
c2129,c2181,42,1048,1841,0.030237
c2129,c2184,102,1048,801,0.111328
c2129,c2185,128,1048,4281,0.060431
c2129,c4004,38,1048,207,0.081586
c2129,c4123,80,1048,1582,0.062131
c2129,c4158,22,1048,185,0.049964
c2129,c5033,4,1048,1083,0.003755
c2129,c5069,64,1048,1683,0.04819
c2129,c5072,19,1048,308,0.033442
c2129,c5111,12,1048,257,0.023122
c2129,c5147,89,1048,1501,0.070961
c2129,c5154,280,1048,3297,0.150632
c2129,c5175,6,1048,348,0.009935
c2129,c5190,55,1048,1004,0.053619
c2129,c6003,3,1048,10,0.029305
c2129,c6005,52,1048,2946,0.029594
c2129,c6017,20,1048,380,0.031693
c2129,c6024,21,1048,393,0.032722
c2129,c6037,176,1048,1730,0.13071
c2129,c6050,5,1048,409,0.007637
c2131,c2132,8,2009,129,0.015715
c2131,c2148,131,2009,2490,0.058571
c2131,c2181,90,2009,1841,0.046798
c2131,c2184,128,2009,801,0.100903
c2131,c2185,289,2009,4281,0.098545
c2131,c4004,50,2009,207,0.077534
c2131,c4123,211,2009,1582,0.118356
c2131,c4158,21,2009,185,0.034446
c2131,c5033,19,2009,1083,0.012881
c2131,c5046,7,2009,328,0.008623
c2131,c5069,245,2009,1683,0.13324
c2131,c5072,55,2009,308,0.069919
c2131,c5110,21,2009,191,0.033901
c2131,c5111,18,2009,257,0.02505
c2131,c5128,4,2009,236,0.005809
c2131,c5147,214,2009,1501,0.123235
c2131,c5149,6,2009,11,0.040361
c2131,c5154,343,2009,3297,0.133274
c2131,c5175,31,2009,348,0.037075
c2131,c5190,46,2009,1004,0.032389
c2131,c6005,117,2009,2946,0.048093
c2131,c6017,25,2009,380,0.028613
c2131,c6024,59,2009,393,0.0664
c2131,c6037,360,2009,1730,0.193103
c2131,c6050,34,2009,409,0.037508
c2132,c2148,7,129,2490,0.012351
c2132,c2181,29,129,1841,0.059508
c2132,c2185,34,129,4281,0.045752
c2132,c5033,31,129,1083,0.082938
c2132,c5069,5,129,1683,0.010731
c2132,c5147,3,129,1501,0.006818
c2132,c5154,21,129,3297,0.032201
c2132,c5190,3,129,1004,0.008336
c2132,c6005,36,129,2946,0.058397
c2148,c2165,4,2490,11,0.024169
c2148,c2181,151,2490,1841,0.070526
c2148,c2184,46,2490,801,0.032572
c2148,c2185,811,2490,4281,0.248398
c2148,c4004,10,2490,207,0.013929
c2148,c4123,147,2490,1582,0.074065
c2148,c4144,3,2490,21,0.013119
c2148,c4158,4,2490,185,0.005894
c2148,c5009,45,2490,186,0.066124
c2148,c5033,226,2490,1083,0.137624
c2148,c5046,123,2490,328,0.136103
c2148,c5069,283,2490,1683,0.138243
c2148,c5072,28,2490,308,0.031973
c2148,c5089,18,2490,49,0.051532
c2148,c5110,14,2490,191,0.020301
c2148,c5111,43,2490,257,0.053753
c2148,c5128,49,2490,236,0.063921
c2148,c5147,234,2490,1501,0.121039
c2148,c5154,292,2490,3297,0.101912
c2148,c5175,54,2490,348,0.05801
c2148,c5190,257,2490,1004,0.162542
c2148,c6005,588,2490,2946,0.217101
c2148,c6017,58,2490,380,0.059626
c2148,c6024,34,2490,393,0.03437
c2148,c6037,224,2490,1730,0.107926
c2148,c6050,85,2490,409,0.084228
c2165,c5154,5,11,3297,0.026255
c2165,c6005,4,11,2946,0.02222
c2181,c2184,68,1841,801,0.055997
c2181,c2185,278,1841,4281,0.099025
c2181,c4004,18,1841,207,0.029158
c2181,c4123,546,1841,1582,0.319936
c2181,c4144,6,1841,21,0.030515
c2181,c4158,40,1841,185,0.06854
c2181,c5009,3,1841,186,0.005127
c2181,c5016,10,1841,25,0.046613
c2181,c5033,126,1841,1083,0.089234
c2181,c5046,41,1841,328,0.052762
c2181,c5069,138,1841,1683,0.078399
c2181,c5072,18,1841,308,0.023904
c2181,c5082,3,1841,15,0.018053
c2181,c5110,13,1841,191,0.021923
c2181,c5111,19,1841,257,0.027622
c2181,c5128,6,1841,236,0.009103
c2181,c5147,117,1841,1501,0.070383
c2181,c5154,262,1841,3297,0.106344
c2181,c5175,28,1841,348,0.034982
c2181,c5190,87,1841,1004,0.063992
c2181,c6005,341,1841,2946,0.146424
c2181,c6017,53,1841,380,0.063366
c2181,c6020,3,1841,25,0.013984
c2181,c6024,66,1841,393,0.077593
c2181,c6037,243,1841,1730,0.136162
c2181,c6050,31,1841,409,0.035725
c2184,c2185,157,801,4281,0.084783
c2184,c4004,13,801,207,0.031926
c2184,c4123,69,801,1582,0.061296
c2184,c5033,11,801,1083,0.01181
c2184,c5046,3,801,328,0.005853
c2184,c5069,95,801,1683,0.081821
c2184,c5072,16,801,308,0.032213
c2184,c5089,3,801,49,0.015143
c2184,c5110,9,801,191,0.02301
c2184,c5111,10,801,257,0.02204
c2184,c5128,5,801,236,0.0115
c2184,c5147,79,801,1501,0.072048
c2184,c5149,3,801,11,0.03196
c2184,c5154,198,801,3297,0.12184
c2184,c5175,20,801,348,0.037881
c2184,c5190,39,801,1004,0.043489
c2184,c6005,87,801,2946,0.056635
c2184,c6017,9,801,380,0.016313
c2184,c6024,27,801,393,0.048123
c2184,c6037,83,801,1730,0.070508
c2184,c6050,23,801,409,0.040184
c2185,c4004,45,4281,207,0.047803
c2185,c4123,315,4281,1582,0.121042
c2185,c4144,3,4281,21,0.010006
c2185,c4158,44,4281,185,0.049442
c2185,c5009,44,4281,186,0.049309
c2185,c5033,347,4281,1083,0.161155
c2185,c5046,183,4281,328,0.154434
c2185,c5069,418,4281,1683,0.155726
c2185,c5072,59,4281,308,0.051381
c2185,c5082,5,4281,15,0.019731
c2185,c5089,28,4281,49,0.061135
c2185,c5110,52,4281,191,0.057506
c2185,c5111,99,4281,257,0.094383
c2185,c5128,62,4281,236,0.061683
c2185,c5147,487,4281,1501,0.192117
c2185,c5154,432,4281,3297,0.114988
c2185,c5175,111,4281,348,0.090941
c2185,c5190,106,4281,1004,0.051129
c2185,c6003,3,4281,10,0.014499
c2185,c6005,269,4281,2946,0.075747
c2185,c6014,3,4281,14,0.012254
c2185,c6017,81,4281,380,0.063507
c2185,c6020,10,4281,25,0.030567
c2185,c6024,124,4281,393,0.095599
c2185,c6037,221,4281,1730,0.081208
c2185,c6050,142,4281,409,0.107313
c4004,c5069,23,207,1683,0.038967
c4004,c5072,5,207,308,0.019802
c4004,c5147,15,207,1501,0.02691
c4004,c5154,76,207,3297,0.091996
c4004,c5175,6,207,348,0.022355
c4004,c5190,3,207,1004,0.006581
c4004,c6005,15,207,2946,0.019208
c4004,c6017,7,207,380,0.024959
c4004,c6024,13,207,393,0.045579
c4004,c6037,27,207,1730,0.045119
c4004,c6050,3,207,409,0.01031
c4123,c4158,48,1582,185,0.088726
c4123,c5016,4,1582,25,0.020113
c4123,c5033,8,1582,1083,0.006112
c4123,c5046,4,1582,328,0.005553
c4123,c5069,89,1582,1683,0.054544
c4123,c5072,34,1582,308,0.048708
c4123,c5082,3,1582,15,0.019475
c4123,c5111,19,1582,257,0.029798
c4123,c5147,39,1582,1501,0.025309
c4123,c5154,314,1582,3297,0.137489
c4123,c5175,22,1582,348,0.02965
c4123,c5190,81,1582,1004,0.064271
c4123,c6005,332,1582,2946,0.153787
c4123,c6017,46,1582,380,0.059328
c4123,c6024,65,1582,393,0.082435
c4123,c6037,170,1582,1730,0.10276
c4123,c6050,10,1582,409,0.012432
c4144,c5154,4,21,3297,0.015202
c4144,c6005,3,21,2946,0.012061
c4158,c5033,19,185,1083,0.042448
c4158,c5069,9,185,1683,0.016129
c4158,c5111,5,185,257,0.022931
c4158,c5147,8,185,1501,0.015181
c4158,c5154,42,185,3297,0.053778
c4158,c5190,3,185,1004,0.006961
c4158,c6005,50,185,2946,0.067728
c4158,c6017,4,185,380,0.015086
c4158,c6037,23,185,1730,0.040655
c5009,c5033,49,186,1083,0.109176
c5009,c5046,5,186,328,0.020243
c5009,c5069,12,186,1683,0.021448
c5009,c5072,4,186,308,0.016712
c5009,c5128,43,186,236,0.205237
c5009,c5147,5,186,1501,0.009463
c5009,c5154,10,186,3297,0.01277
c5009,c5175,9,186,348,0.035375
c5009,c6005,59,186,2946,0.079704
c5009,c6050,5,186,409,0.018128
c5016,c5069,6,25,1683,0.029251
c5016,c5175,4,25,348,0.042885
c5016,c6005,13,25,2946,0.047902
c5016,c6037,4,25,1730,0.019234
c5024,c5069,4,9,1683,0.032501
c5024,c6005,5,9,2946,0.030707
c5033,c5046,7,1083,328,0.011745
c5033,c5069,64,1083,1683,0.047405
c5033,c5072,8,1083,308,0.013852
c5033,c5110,7,1083,191,0.015391
c5033,c5111,6,1083,257,0.011373
c5033,c5128,73,1083,236,0.144395
c5033,c5147,83,1083,1501,0.065099
c5033,c5154,141,1083,3297,0.074618
c5033,c5175,6,1083,348,0.009773
c5033,c5190,44,1083,1004,0.042196
c5033,c6005,201,1083,2946,0.112529
c5033,c6017,4,1083,380,0.006235
c5033,c6020,8,1083,25,0.048619
c5033,c6024,7,1083,393,0.01073
c5033,c6037,14,1083,1730,0.010228
c5033,c6050,26,1083,409,0.039066
c5046,c5069,32,328,1683,0.04307
c5046,c5072,6,328,308,0.018877
c5046,c5110,3,328,191,0.011986
c5046,c5147,13,328,1501,0.018527
c5046,c5154,16,328,3297,0.015386
c5046,c5190,3,328,1004,0.005228
c5046,c6005,37,328,2946,0.03764
c5046,c6037,3,328,1730,0.003983
c5046,c6050,16,328,409,0.043684
c5069,c5072,23,1683,308,0.031946
c5069,c5089,4,1683,49,0.013929
c5069,c5110,9,1683,191,0.015874
c5069,c5111,21,1683,257,0.031931
c5069,c5128,22,1683,236,0.034908
c5069,c5147,178,1683,1501,0.111992
c5069,c5154,308,1683,3297,0.130752
c5069,c5175,44,1683,348,0.057494
c5069,c5190,65,1683,1004,0.050004
c5069,c6005,311,1683,2946,0.13967
c5069,c6017,58,1683,380,0.072526
c5069,c6024,26,1683,393,0.031969
c5069,c6037,180,1683,1730,0.105489
c5069,c6050,82,1683,409,0.098835
c5072,c5110,3,308,191,0.012369
c5072,c5147,15,308,1501,0.022061
c5072,c5154,57,308,3297,0.056564
c5072,c5175,8,308,348,0.024436
c5072,c5190,6,308,1004,0.01079
c5072,c6005,50,308,2946,0.05249
c5072,c6024,4,308,393,0.011497
c5072,c6037,32,308,1730,0.043838
c5072,c6050,17,308,409,0.047897
c5082,c5154,3,15,3297,0.01349
c5082,c6005,5,15,2946,0.023785
c5089,c5147,6,49,1501,0.022124
c5089,c5154,8,49,3297,0.019904
c5089,c5190,3,49,1004,0.013526
c5089,c6005,14,49,2946,0.036848
c5110,c5147,9,191,1501,0.016809
c5110,c5154,30,191,3297,0.037805
c5110,c6005,38,191,2946,0.050658
c5110,c6037,4,191,1730,0.006959
c5110,c6050,3,191,409,0.010734
c5111,c5147,18,257,1501,0.028981
c5111,c5154,58,257,3297,0.063009
c5111,c5175,12,257,348,0.040126
c5111,c5190,29,257,1004,0.057091
c5111,c6005,46,257,2946,0.052866
c5111,c6017,6,257,380,0.0192
c5111,c6024,4,257,393,0.012586
c5111,c6037,19,257,1730,0.028495
c5128,c5147,11,236,1501,0.018482
c5128,c5154,9,236,3297,0.010203
c5128,c5175,29,236,348,0.101193
c5128,c6005,63,236,2946,0.075556
c5128,c6037,4,236,1730,0.00626
c5128,c6050,6,236,409,0.019312
c5147,c5154,447,1501,3297,0.200936
c5147,c5175,41,1501,348,0.056729
c5147,c5190,57,1501,1004,0.046432
c5147,c6005,172,1501,2946,0.081794
c5147,c6017,13,1501,380,0.017213
c5147,c6024,33,1501,393,0.042966
c5147,c6037,83,1501,1730,0.051507
c5147,c6050,73,1501,409,0.093169
c5149,c6005,3,11,2946,0.016665
c5154,c5175,69,3297,348,0.064417
c5154,c5190,420,3297,1004,0.230846
c5154,c6005,213,3297,2946,0.068345
c5154,c6017,56,3297,380,0.050031
c5154,c6024,102,3297,393,0.089608
c5154,c6037,418,3297,1730,0.175022
c5154,c6050,83,3297,409,0.071475
c5154,c6062,7,3297,11,0.036757
c5175,c5190,54,348,1004,0.091356
c5175,c6005,49,348,2946,0.048394
c5175,c6024,9,348,393,0.024336
c5175,c6037,10,348,1730,0.012888
c5190,c6005,193,1004,2946,0.112221
c5190,c6017,7,1004,380,0.011333
c5190,c6024,41,1004,393,0.065271
c5190,c6037,83,1004,1730,0.062978
c5190,c6050,10,1004,409,0.015605
c6005,c6014,8,2946,14,0.039392
c6005,c6017,123,2946,380,0.116251
c6005,c6020,7,2946,25,0.025794
c6005,c6024,68,2946,393,0.063197
c6005,c6037,406,2946,1730,0.17984
c6005,c6050,60,2946,409,0.05466
c6005,c6062,3,2946,11,0.016665
c6017,c6037,35,380,1730,0.043167
c6024,c6037,40,393,1730,0.048511
c6024,c6050,4,393,409,0.009977
c6037,c6050,5,1730,409,0.005944
