hero_a,hero_b,same_team_count,hero_a_team_count,hero_b_team_count,normalized_synergy_score
c1007,c1014,4,311,8,0.080193
c1007,c1020,46,311,96,0.266221
c1007,c1022,10,311,2345,0.01171
c1007,c1034,25,311,363,0.074406
c1007,c1046,57,311,858,0.110345
c1007,c1065,8,311,23,0.09459
c1007,c1104,3,311,367,0.00888
c1007,c1117,5,311,1365,0.007674
c1007,c1133,14,311,1314,0.0219
c1007,c1143,30,311,638,0.067349
c1007,c1150,13,311,131,0.064406
c1007,c1168,36,311,1621,0.050703
c1007,c1172,78,311,3216,0.077993
c1007,c1176,4,311,1233,0.006459
c1007,c1178,5,311,722,0.010552
c1007,c1179,4,311,102,0.022458
c1007,c1182,14,311,1227,0.022663
c1007,c1183,15,311,3437,0.014508
c1007,c2001,3,311,579,0.00707
c1007,c2004,27,311,80,0.171174
c1007,c2007,61,311,1774,0.082125
c1007,c2024,151,311,984,0.27296
c1007,c2048,10,311,183,0.041917
c1007,c2066,4,311,961,0.007317
c1007,c2071,4,311,1333,0.006212
c1007,c2076,39,311,1614,0.055047
c1007,c2080,3,311,113,0.016003
c1007,c2082,3,311,102,0.016844
c1007,c2090,3,311,355,0.009029
c1007,c2103,11,311,1559,0.015798
c1007,c2110,8,311,735,0.016733
c1007,c2112,25,311,817,0.049596
c1007,c2124,19,311,3486,0.018248
c1007,c2125,13,311,170,0.056538
c1007,c2126,3,311,85,0.018451
c1007,c2131,9,311,2013,0.011375
c1007,c2181,47,311,1503,0.068745
c1007,c2184,87,311,3885,0.079149
c1007,c5033,68,311,648,0.151475
c1007,c5072,7,311,1513,0.010205
c1007,c5089,6,311,95,0.034907
c1007,c5110,13,311,292,0.043139
c1007,c5111,7,311,591,0.016328
c1007,c5128,3,311,45,0.025359
c1007,c5154,22,311,2198,0.026609
c1007,c5175,4,311,202,0.015959
c1007,c6005,134,311,2154,0.16372
c1007,c6020,25,311,40,0.224145
c1007,c6024,5,311,1066,0.008684
c1007,c6050,10,311,647,0.022293
c1009,c1022,3,11,2345,0.018679
c1009,c1183,6,11,3437,0.030858
c1009,c2071,3,11,1333,0.024775
c1009,c2112,3,11,817,0.031646
c1009,c2184,5,11,3885,0.024187
c1009,c5072,6,11,1513,0.046509
c1014,c1020,5,8,96,0.180422
c1014,c1168,3,8,1621,0.026344
c1014,c2024,3,8,984,0.033813
c1014,c6005,4,8,2154,0.030471
c1020,c1046,23,96,858,0.08014
c1020,c1065,5,96,23,0.106407
c1020,c1133,4,96,1314,0.011262
c1020,c1143,5,96,638,0.020203
c1020,c1168,15,96,1621,0.038025
c1020,c1172,20,96,3216,0.035995
c1020,c1183,5,96,3437,0.008705
c1020,c2004,9,96,80,0.102698
c1020,c2007,14,96,1774,0.033925
c1020,c2024,36,96,984,0.11713
c1020,c2066,6,96,961,0.019754
c1020,c2076,12,96,1614,0.030486
c1020,c2124,7,96,3486,0.0121
c1020,c2125,7,96,170,0.054795
c1020,c2131,8,96,2013,0.018198
c1020,c2181,11,96,1503,0.028959
c1020,c2184,28,96,3885,0.045849
c1020,c5033,27,96,648,0.108253
c1020,c5128,6,96,45,0.091287
c1020,c5149,6,96,159,0.048564
c1020,c5154,11,96,2198,0.023947
c1020,c6005,36,96,2154,0.079167
c1020,c6020,8,96,40,0.129099
c1022,c1034,26,2345,363,0.02818
c1022,c1046,51,2345,858,0.035955
c1022,c1055,4,2345,25,0.01652
c1022,c1060,10,2345,41,0.032251
c1022,c1076,7,2345,67,0.01766
c1022,c1091,46,2345,293,0.055495
c1022,c1103,27,2345,145,0.046303
c1022,c1104,48,2345,367,0.051741
c1022,c1109,21,2345,98,0.043806
c1022,c1112,5,2345,64,0.012907
c1022,c1117,262,2345,1365,0.146441
c1022,c1131,10,2345,54,0.028102
c1022,c1133,74,2345,1314,0.042156
c1022,c1143,120,2345,638,0.098107
c1022,c1148,14,2345,105,0.028214
c1022,c1150,18,2345,131,0.032476
c1022,c1153,225,2345,1226,0.132698
c1022,c1160,25,2345,112,0.048782
c1022,c1162,39,2345,282,0.047959
c1022,c1168,357,2345,1621,0.183107
c1022,c1171,303,2345,1217,0.17936
c1022,c1172,745,2345,3216,0.271286
c1022,c1173,8,2345,37,0.027159
c1022,c1176,246,2345,1233,0.144671
c1022,c1177,23,2345,97,0.048225
c1022,c1178,25,2345,722,0.019213
c1022,c1179,11,2345,102,0.022492
c1022,c1182,135,2345,1227,0.079587
c1022,c1183,567,2345,3437,0.19972
c1022,c2001,69,2345,579,0.059216
c1022,c2002,24,2345,80,0.055411
c1022,c2007,191,2345,1774,0.093645
c1022,c2012,7,2345,58,0.018981
c1022,c2015,5,2345,40,0.016326
c1022,c2016,18,2345,67,0.045411
c1022,c2019,26,2345,114,0.050286
c1022,c2022,4,2345,94,0.00852
c1022,c2023,10,2345,58,0.027115
c1022,c2024,25,2345,984,0.016458
c1022,c2048,4,2345,183,0.006106
c1022,c2049,49,2345,242,0.065045
c1022,c2066,150,2345,961,0.099921
c1022,c2070,14,2345,87,0.030995
c1022,c2071,280,2345,1333,0.158369
c1022,c2072,3,2345,29,0.011504
c1022,c2076,178,2345,1614,0.091495
c1022,c2079,18,2345,159,0.029478
c1022,c2080,3,2345,113,0.005828
c1022,c2082,12,2345,102,0.024536
c1022,c2090,14,2345,355,0.015344
c1022,c2095,27,2345,100,0.055756
c1022,c2101,4,2345,30,0.015081
c1022,c2103,268,2345,1559,0.140165
c1022,c2106,8,2345,27,0.031793
c1022,c2109,4,2345,12,0.023845
c1022,c2110,83,2345,735,0.063221
c1022,c2111,10,2345,37,0.033949
c1022,c2112,102,2345,817,0.073692
c1022,c2113,126,2345,510,0.115216
c1022,c2124,625,2345,3486,0.218597
c1022,c2125,3,2345,170,0.004751
c1022,c2126,12,2345,85,0.026878
c1022,c2127,6,2345,248,0.007868
c1022,c2128,35,2345,255,0.045261
c1022,c2129,131,2345,965,0.087084
c1022,c2131,273,2345,2013,0.125652
c1022,c2132,24,2345,112,0.046831
c1022,c2165,5,2345,24,0.021076
c1022,c2181,215,2345,1503,0.114522
c1022,c2184,923,2345,3885,0.305798
c1022,c4004,84,2345,410,0.085667
c1022,c4123,150,2345,834,0.10726
c1022,c4158,24,2345,119,0.045432
c1022,c5001,9,2345,48,0.026826
c1022,c5004,6,2345,10,0.039181
c1022,c5009,10,2345,134,0.017839
c1022,c5033,55,2345,648,0.044617
c1022,c5072,191,2345,1513,0.101401
c1022,c5082,3,2345,13,0.017182
c1022,c5089,8,2345,95,0.016949
c1022,c5110,21,2345,292,0.025378
c1022,c5111,156,2345,591,0.132513
c1022,c5154,363,2345,2198,0.15989
c1022,c5175,21,2345,202,0.030512
c1022,c6005,311,2345,2154,0.138378
c1022,c6017,25,2345,169,0.039712
c1022,c6024,260,2345,1066,0.164446
c1022,c6037,76,2345,506,0.06977
c1022,c6050,125,2345,647,0.101481
c1034,c1046,60,363,858,0.107511
c1034,c1083,7,363,75,0.042424
c1034,c1099,3,363,9,0.052486
c1034,c1104,4,363,367,0.010959
c1034,c1117,8,363,1365,0.011365
c1034,c1133,22,363,1314,0.031855
c1034,c1143,36,363,638,0.074806
c1034,c1168,16,363,1621,0.020858
c1034,c1171,3,363,1217,0.004514
c1034,c1172,110,363,3216,0.101808
c1034,c1178,18,363,722,0.03516
c1034,c1182,17,363,1227,0.025473
c1034,c1183,44,363,3437,0.039392
c1034,c2001,6,363,579,0.013088
c1034,c2007,91,363,1774,0.1134
c1034,c2024,145,363,984,0.242615
c1034,c2031,5,363,7,0.09919
c1034,c2048,21,363,183,0.081478
c1034,c2066,17,363,961,0.028783
c1034,c2071,19,363,1333,0.027314
c1034,c2072,3,363,29,0.029239
c1034,c2076,29,363,1614,0.037887
c1034,c2080,8,363,113,0.0395
c1034,c2090,3,363,355,0.008357
c1034,c2103,19,363,1559,0.025257
c1034,c2110,19,363,735,0.036784
c1034,c2112,34,363,817,0.062433
c1034,c2113,3,363,510,0.006972
c1034,c2124,35,363,3486,0.031114
c1034,c2125,12,363,170,0.048306
c1034,c2127,3,363,248,0.009999
c1034,c2129,3,363,965,0.005069
c1034,c2131,25,363,2013,0.029246
c1034,c2181,27,363,1503,0.036554
c1034,c2184,148,363,3885,0.124627
c1034,c5033,25,363,648,0.051547
c1034,c5072,25,363,1513,0.033734
c1034,c5089,33,363,95,0.177705
c1034,c5110,16,363,292,0.049145
c1034,c5111,4,363,591,0.008636
c1034,c5128,5,363,45,0.039121
c1034,c5149,4,363,159,0.01665
c1034,c5154,60,363,2198,0.067171
c1034,c5175,14,363,202,0.051701
c1034,c6005,127,363,2154,0.143624
c1034,c6020,4,363,40,0.033195
c1034,c6024,8,363,1066,0.012861
c1034,c6050,11,363,647,0.022698
c1038,c1133,12,18,1314,0.078027
c1038,c1172,6,18,3216,0.024938
c1038,c2103,6,18,1559,0.035817
c1038,c2124,3,18,3486,0.011976
c1038,c2131,3,18,2013,0.01576
c1038,c2184,6,18,3885,0.022689
c1038,c5072,5,18,1513,0.030298
c1038,c6005,5,18,2154,0.025393
c1046,c1065,5,858,23,0.035593
c1046,c1083,36,858,75,0.141915
c1046,c1103,5,858,145,0.014176
c1046,c1104,44,858,367,0.078411
c1046,c1117,30,858,1365,0.027721
c1046,c1133,57,858,1314,0.053683
c1046,c1143,21,858,638,0.028383
c1046,c1148,6,858,105,0.01999
c1046,c1150,10,858,131,0.029828
c1046,c1153,6,858,1226,0.00585
c1046,c1158,3,858,22,0.021836
c1046,c1160,8,858,112,0.025807
c1046,c1163,7,858,12,0.068986
c1046,c1168,59,858,1621,0.050028
c1046,c1171,25,858,1217,0.024465
c1046,c1172,184,858,3216,0.110768
c1046,c1176,20,858,1233,0.019445
c1046,c1178,52,858,722,0.066068
c1046,c1179,7,858,102,0.023662
c1046,c1182,57,858,1227,0.055553
c1046,c1183,113,858,3437,0.065803
c1046,c2001,6,858,579,0.008513
c1046,c2004,20,858,80,0.076338
c1046,c2007,403,858,1774,0.326651
c1046,c2009,4,858,8,0.04828
c1046,c2023,3,858,58,0.013448
c1046,c2024,42,858,984,0.04571
c1046,c2048,60,858,183,0.15142
c1046,c2049,7,858,242,0.015362
c1046,c2066,74,858,961,0.081494
c1046,c2071,29,858,1333,0.027117
c1046,c2076,215,858,1614,0.182702
c1046,c2079,6,858,159,0.016245
c1046,c2080,43,858,113,0.138097
c1046,c2082,7,858,102,0.023662
c1046,c2090,3,858,355,0.005436
c1046,c2099,10,858,57,0.045219
c1046,c2102,5,858,72,0.020117
c1046,c2103,213,858,1559,0.184167
c1046,c2110,37,858,735,0.046592
c1046,c2111,3,858,37,0.016837
c1046,c2112,20,858,817,0.023888
c1046,c2113,3,858,510,0.004535
c1046,c2124,253,858,3486,0.14629
c1046,c2128,14,858,255,0.029931
c1046,c2129,22,858,965,0.024178
c1046,c2131,81,858,2013,0.061634
c1046,c2181,100,858,1503,0.08806
c1046,c2184,160,858,3885,0.087636
c1046,c4004,3,858,410,0.005058
c1046,c4123,28,858,834,0.0331
c1046,c4158,3,858,119,0.009389
c1046,c5033,91,858,648,0.122042
c1046,c5072,72,858,1513,0.063193
c1046,c5082,3,858,13,0.028406
c1046,c5089,7,858,95,0.024518
c1046,c5110,8,858,292,0.015983
c1046,c5111,7,858,591,0.00983
c1046,c5154,109,858,2198,0.079372
c1046,c5175,8,858,202,0.019216
c1046,c6005,198,858,2154,0.145646
c1046,c6011,3,858,4,0.051209
c1046,c6017,5,858,169,0.013131
c1046,c6020,8,858,40,0.043183
c1046,c6024,12,858,1066,0.012548
c1046,c6037,7,858,506,0.010624
c1046,c6050,32,858,647,0.042949
c1055,c1172,5,25,3216,0.017634
c1055,c1183,3,25,3437,0.010234
c1055,c2007,4,25,1774,0.018994
c1055,c2076,6,25,1614,0.02987
c1055,c2103,3,25,1559,0.015196
c1055,c2112,19,25,817,0.132945
c1055,c2124,6,25,3486,0.020324
c1055,c2181,4,25,1503,0.020635
c1055,c2184,5,25,3885,0.016044
c1055,c5072,4,25,1513,0.020567
c1055,c5154,8,25,2198,0.034128
c1060,c1103,5,41,145,0.064848
c1060,c1117,3,41,1365,0.012681
c1060,c1153,5,41,1226,0.022301
c1060,c1168,6,41,1621,0.023274
c1060,c1172,7,41,3216,0.019277
c1060,c1176,13,41,1233,0.057819
c1060,c1182,8,41,1227,0.035668
c1060,c1183,17,41,3437,0.045286
c1060,c2001,4,41,579,0.025961
c1060,c2007,6,41,1774,0.022248
c1060,c2071,13,41,1333,0.055608
c1060,c2076,3,41,1614,0.011662
c1060,c2113,3,41,510,0.020746
c1060,c2124,13,41,3486,0.034386
c1060,c2131,3,41,2013,0.010443
c1060,c2181,6,41,1503,0.02417
c1060,c2184,14,41,3885,0.035078
c1060,c5072,6,41,1513,0.02409
c1065,c1143,3,23,638,0.024765
c1065,c1168,10,23,1621,0.05179
c1065,c1182,4,23,1227,0.023811
c1065,c2004,5,23,80,0.116563
c1065,c2007,3,23,1774,0.014852
c1065,c2024,5,23,984,0.033236
c1065,c2076,3,23,1614,0.015571
c1065,c2181,3,23,1503,0.016135
c1065,c2184,4,23,3885,0.013381
c1065,c5033,13,23,648,0.106486
c1065,c5154,4,23,2198,0.01779
c1065,c6005,11,23,2154,0.04942
c1070,c2124,3,3,3486,0.029336
c1076,c1104,3,67,367,0.019132
c1076,c1109,3,67,98,0.037023
c1076,c1117,13,67,1365,0.042987
c1076,c1168,4,67,1621,0.012138
c1076,c1171,12,67,1217,0.042024
c1076,c1172,12,67,3216,0.025852
c1076,c1176,5,67,1233,0.017396
c1076,c1178,7,67,722,0.031827
c1076,c1183,26,67,3437,0.054181
c1076,c2001,3,67,579,0.015232
c1076,c2007,8,67,1774,0.023205
c1076,c2066,4,67,961,0.015764
c1076,c2071,15,67,1333,0.050192
c1076,c2076,5,67,1614,0.015205
c1076,c2112,3,67,817,0.012823
c1076,c2124,25,67,3486,0.05173
c1076,c2129,9,67,965,0.035395
c1076,c2131,18,67,2013,0.049013
c1076,c2181,4,67,1503,0.012605
c1076,c2184,13,67,3885,0.025481
c1076,c4004,3,67,410,0.018101
c1076,c4123,5,67,834,0.021152
c1076,c5072,4,67,1513,0.012563
c1076,c5154,14,67,2198,0.036482
c1076,c6005,5,67,2154,0.013162
c1076,c6024,11,67,1066,0.04116
c1083,c1104,5,75,367,0.030137
c1083,c1133,11,75,1314,0.03504
c1083,c1153,5,75,1226,0.016489
c1083,c1162,3,75,282,0.020628
c1083,c1168,5,75,1621,0.01434
c1083,c1171,3,75,1217,0.00993
c1083,c1172,9,75,3216,0.018325
c1083,c1178,4,75,722,0.017189
c1083,c1182,3,75,1227,0.009889
c1083,c1183,8,75,3437,0.015757
c1083,c2007,31,75,1774,0.084987
c1083,c2024,4,75,984,0.014724
c1083,c2048,3,75,183,0.025607
c1083,c2066,6,75,961,0.022349
c1083,c2071,5,75,1333,0.015813
c1083,c2076,20,75,1614,0.057484
c1083,c2079,3,75,159,0.027472
c1083,c2103,8,75,1559,0.023396
c1083,c2110,3,75,735,0.012778
c1083,c2124,16,75,3486,0.031291
c1083,c2131,5,75,2013,0.012868
c1083,c2181,18,75,1503,0.053612
c1083,c2184,19,75,3885,0.035199
c1083,c5033,7,75,648,0.031753
c1083,c5072,3,75,1513,0.008906
c1083,c5154,5,75,2198,0.012315
c1083,c6005,14,75,2154,0.034832
c1083,c6024,3,75,1066,0.01061
c1091,c1104,3,293,367,0.009149
c1091,c1112,4,293,64,0.02921
c1091,c1117,40,293,1365,0.06325
c1091,c1133,6,293,1314,0.00967
c1091,c1134,3,293,13,0.048609
c1091,c1143,3,293,638,0.006939
c1091,c1153,21,293,1226,0.035038
c1091,c1162,15,293,282,0.052183
c1091,c1168,35,293,1621,0.050786
c1091,c1171,15,293,1217,0.02512
c1091,c1172,60,293,3216,0.06181
c1091,c1176,50,293,1233,0.083187
c1091,c1178,8,293,722,0.017394
c1091,c1182,39,293,1227,0.065044
c1091,c1183,81,293,3437,0.080716
c1091,c2001,25,293,579,0.060697
c1091,c2007,29,293,1774,0.040224
c1091,c2015,3,293,40,0.027711
c1091,c2042,4,293,18,0.055079
c1091,c2066,3,293,961,0.005654
c1091,c2071,18,293,1333,0.028802
c1091,c2076,18,293,1614,0.026175
c1091,c2095,12,293,100,0.070105
c1091,c2103,16,293,1559,0.023674
c1091,c2112,8,293,817,0.016351
c1091,c2113,19,293,510,0.049151
c1091,c2124,122,293,3486,0.120715
c1091,c2128,11,293,255,0.040243
c1091,c2129,34,293,965,0.063941
c1091,c2131,53,293,2013,0.069011
c1091,c2181,66,293,1503,0.099456
c1091,c2184,89,293,3885,0.083418
c1091,c4004,4,293,410,0.011541
c1091,c4123,19,293,834,0.038436
c1091,c4158,7,293,119,0.037488
c1091,c5033,4,293,648,0.00918
c1091,c5072,6,293,1513,0.009012
c1091,c5111,20,293,591,0.048062
c1091,c5154,63,293,2198,0.078504
c1091,c6005,19,293,2154,0.023916
c1091,c6024,37,293,1066,0.066205
c1091,c6037,5,293,506,0.012986
c1091,c6062,3,293,7,0.066243
c1095,c1183,3,5,3437,0.022885
c1095,c2184,3,5,3885,0.021525
c1095,c5154,3,5,2198,0.028617
c1099,c1172,3,9,3216,0.017634
c1099,c1178,3,9,722,0.037216
c1099,c1183,5,9,3437,0.028429
c1099,c6005,3,9,2154,0.021547
c1102,c1117,3,12,1365,0.02344
c1102,c1183,8,12,3437,0.039392
c1102,c2103,4,12,1559,0.029245
c1102,c2124,4,12,3486,0.019557
c1102,c2184,7,12,3885,0.03242
c1103,c1112,8,145,64,0.083045
c1103,c1117,23,145,1365,0.051698
c1103,c1133,5,145,1314,0.011455
c1103,c1143,4,145,638,0.013151
c1103,c1153,15,145,1226,0.035576
c1103,c1168,19,145,1621,0.03919
c1103,c1171,3,145,1217,0.007142
c1103,c1172,37,145,3216,0.054183
c1103,c1176,8,145,1233,0.01892
c1103,c1178,6,145,722,0.018544
c1103,c1182,13,145,1227,0.03082
c1103,c1183,46,145,3437,0.06516
c1103,c2001,12,145,579,0.041415
c1103,c2007,17,145,1774,0.033519
c1103,c2024,17,145,984,0.045006
c1103,c2066,4,145,961,0.010716
c1103,c2071,9,145,1333,0.020471
c1103,c2076,11,145,1614,0.022738
c1103,c2103,8,145,1559,0.016826
c1103,c2112,19,145,817,0.055202
c1103,c2113,8,145,510,0.029419
c1103,c2124,30,145,3486,0.042196
c1103,c2128,9,145,255,0.046805
c1103,c2129,9,145,965,0.02406
c1103,c2131,20,145,2013,0.037019
c1103,c2181,26,145,1503,0.055694
c1103,c2184,40,145,3885,0.053294
c1103,c4004,5,145,410,0.020507
c1103,c4123,6,145,834,0.017254
c1103,c5033,4,145,648,0.013049
c1103,c5072,8,145,1513,0.01708
c1103,c5110,4,145,292,0.019439
c1103,c5111,9,145,591,0.030744
c1103,c5149,4,145,159,0.026344
c1103,c5154,18,145,2198,0.031884
c1103,c6005,25,145,2154,0.044734
c1103,c6024,8,145,1066,0.020348
c1103,c6037,5,145,506,0.018459
c1104,c1109,4,367,98,0.021092
c1104,c1117,22,367,1365,0.031083
c1104,c1133,27,367,1314,0.038881
c1104,c1143,10,367,638,0.020666
c1104,c1150,3,367,131,0.013682
c1104,c1153,16,367,1226,0.023853
c1104,c1162,13,367,282,0.04041
c1104,c1168,66,367,1621,0.08557
c1104,c1171,48,367,1217,0.071823
c1104,c1172,103,367,3216,0.094808
c1104,c1176,3,367,1233,0.00446
c1104,c1178,29,367,722,0.056337
c1104,c1179,5,367,102,0.025843
c1104,c1182,23,367,1227,0.034275
c1104,c1183,53,367,3437,0.04719
c1104,c2001,11,367,579,0.023863
c1104,c2002,3,367,80,0.017508
c1104,c2007,53,367,1774,0.065685
c1104,c2024,17,367,984,0.028289
c1104,c2049,9,367,242,0.0302
c1104,c2066,51,367,961,0.085877
c1104,c2071,20,367,1333,0.028594
c1104,c2076,40,367,1614,0.051973
c1104,c2080,12,367,113,0.058926
c1104,c2090,10,367,355,0.027705
c1104,c2101,3,367,30,0.028591
c1104,c2103,38,367,1559,0.050237
c1104,c2112,16,367,817,0.02922
c1104,c2113,3,367,510,0.006934
c1104,c2124,111,367,3486,0.098136
c1104,c2125,6,367,170,0.024021
c1104,c2127,5,367,248,0.016573
c1104,c2128,13,367,255,0.042495
c1104,c2129,25,367,965,0.042009
c1104,c2131,58,367,2013,0.06748
c1104,c2132,5,367,112,0.024662
c1104,c2181,34,367,1503,0.045779
c1104,c2184,113,367,3885,0.094635
c1104,c4004,7,367,410,0.018046
c1104,c4123,11,367,834,0.019883
c1104,c5001,6,367,48,0.045206
c1104,c5009,4,367,134,0.018037
c1104,c5033,13,367,648,0.026658
c1104,c5072,38,367,1513,0.050995
c1104,c5111,10,367,591,0.021472
c1104,c5128,3,367,45,0.023344
c1104,c5149,4,367,159,0.016559
c1104,c5154,78,367,2198,0.086846
c1104,c5175,4,367,202,0.014691
c1104,c6005,49,367,2154,0.055111
c1104,c6037,7,367,506,0.016244
c1104,c6050,14,367,647,0.02873
c1109,c1117,10,98,1365,0.027341
c1109,c1153,5,98,1226,0.014425
c1109,c1168,10,98,1621,0.02509
c1109,c1171,11,98,1217,0.031852
c1109,c1172,10,98,3216,0.017813
c1109,c1173,5,98,37,0.083034
c1109,c1178,4,98,722,0.015038
c1109,c1182,3,98,1227,0.008651
c1109,c1183,26,98,3437,0.044799
c1109,c2001,13,98,579,0.054575
c1109,c2007,4,98,1774,0.009593
c1109,c2066,15,98,961,0.048878
c1109,c2071,4,98,1333,0.011067
c1109,c2076,5,98,1614,0.012572
c1109,c2090,3,98,355,0.016084
c1109,c2103,4,98,1559,0.010233
c1109,c2112,18,98,817,0.063613
c1109,c2113,3,98,510,0.013419
c1109,c2124,14,98,3486,0.023953
c1109,c2129,20,98,965,0.065036
c1109,c2131,17,98,2013,0.038275
c1109,c2181,3,98,1503,0.007817
c1109,c2184,27,98,3885,0.043758
c1109,c4004,17,98,410,0.084809
c1109,c5001,3,98,48,0.043741
c1109,c5072,7,98,1513,0.018179
c1109,c5154,51,98,2198,0.109886
c1109,c6005,13,98,2154,0.028295
c1109,c6024,14,98,1066,0.043315
c1112,c1117,10,64,1365,0.033833
c1112,c1133,5,64,1314,0.017242
c1112,c1168,13,64,1621,0.040361
c1112,c1172,6,64,3216,0.013225
c1112,c1178,3,64,722,0.013956
c1112,c1182,5,64,1227,0.017843
c1112,c1183,17,64,3437,0.036247
c1112,c2001,3,64,579,0.015584
c1112,c2007,5,64,1774,0.014839
c1112,c2016,3,64,67,0.045814
c1112,c2024,3,64,984,0.011955
c1112,c2066,3,64,961,0.012097
c1112,c2076,10,64,1614,0.031114
c1112,c2103,6,64,1559,0.018995
c1112,c2112,9,64,817,0.039359
c1112,c2124,8,64,3486,0.016937
c1112,c2129,3,64,965,0.012072
c1112,c2131,16,64,2013,0.044577
c1112,c2181,8,64,1503,0.025794
c1112,c2184,35,64,3885,0.070191
c1112,c4123,5,64,834,0.021642
c1112,c5033,6,64,648,0.029463
c1112,c5149,6,64,159,0.059479
c1112,c5154,3,64,2198,0.007999
c1112,c6005,10,64,2154,0.026933
c1112,c6017,5,64,169,0.048077
c1112,c6037,4,64,506,0.022228
c1117,c1131,6,1365,54,0.0221
c1117,c1133,27,1365,1314,0.02016
c1117,c1134,4,1365,13,0.030028
c1117,c1143,35,1365,638,0.037505
c1117,c1148,14,1365,105,0.03698
c1117,c1150,6,1365,131,0.014189
c1117,c1151,4,1365,30,0.019767
c1117,c1153,157,1365,1226,0.121363
c1117,c1158,3,1365,22,0.017312
c1117,c1160,5,1365,112,0.012788
c1117,c1162,20,1365,282,0.032236
c1117,c1168,158,1365,1621,0.106218
c1117,c1171,109,1365,1217,0.08457
c1117,c1172,162,1365,3216,0.07732
c1117,c1176,147,1365,1233,0.11331
c1117,c1177,3,1365,97,0.008245
c1117,c1178,52,1365,722,0.05238
c1117,c1179,3,1365,102,0.00804
c1117,c1182,147,1365,1227,0.113587
c1117,c1183,484,1365,3437,0.223455
c1117,c2001,77,1365,579,0.086613
c1117,c2007,165,1365,1774,0.106033
c1117,c2011,5,1365,30,0.024708
c1117,c2014,5,1365,19,0.031048
c1117,c2015,8,1365,40,0.034237
c1117,c2016,11,1365,67,0.036374
c1117,c2019,5,1365,114,0.012675
c1117,c2023,4,1365,58,0.014216
c1117,c2024,15,1365,984,0.012943
c1117,c2048,6,1365,183,0.012005
c1117,c2049,11,1365,242,0.019139
c1117,c2053,4,1365,11,0.032644
c1117,c2066,114,1365,961,0.099535
c1117,c2070,9,1365,87,0.026117
c1117,c2071,82,1365,1333,0.06079
c1117,c2072,3,1365,29,0.015078
c1117,c2076,102,1365,1614,0.06872
c1117,c2079,11,1365,159,0.023612
c1117,c2082,4,1365,102,0.01072
c1117,c2090,4,1365,355,0.005746
c1117,c2095,14,1365,100,0.037893
c1117,c2102,6,1365,72,0.019139
c1117,c2103,70,1365,1559,0.047985
c1117,c2106,5,1365,27,0.026045
c1117,c2110,19,1365,735,0.018969
c1117,c2111,3,1365,37,0.013349
c1117,c2112,92,1365,817,0.087119
c1117,c2113,54,1365,510,0.064721
c1117,c2124,391,1365,3486,0.179245
c1117,c2125,6,1365,170,0.012455
c1117,c2126,8,1365,85,0.023486
c1117,c2128,22,1365,255,0.037289
c1117,c2129,92,1365,965,0.08016
c1117,c2131,413,1365,2013,0.249151
c1117,c2132,6,1365,112,0.015345
c1117,c2181,136,1365,1503,0.09495
c1117,c2184,480,1365,3885,0.208439
c1117,c4004,44,1365,410,0.058816
c1117,c4123,102,1365,834,0.095598
c1117,c4158,27,1365,119,0.066992
c1117,c5033,7,1365,648,0.007443
c1117,c5072,168,1365,1513,0.116902
c1117,c5110,8,1365,292,0.012672
c1117,c5111,36,1365,591,0.040081
c1117,c5154,189,1365,2198,0.109114
c1117,c6005,171,1365,2154,0.099726
c1117,c6017,31,1365,169,0.064543
c1117,c6024,105,1365,1066,0.087045
c1117,c6037,53,1365,506,0.063773
c1117,c6050,50,1365,647,0.053205
c1118,c2076,3,4,1614,0.037337
c1119,c2184,3,4,3885,0.024066
c1127,c1133,6,6,1314,0.067574
c1127,c2103,5,6,1559,0.051698
c1127,c6005,5,6,2154,0.043982
c1131,c1153,8,54,1226,0.031092
c1131,c1162,13,54,282,0.105347
c1131,c1168,4,54,1621,0.01352
c1131,c1171,6,54,1217,0.023405
c1131,c1176,4,54,1233,0.015502
c1131,c1182,6,54,1227,0.023309
c1131,c1183,21,54,3437,0.048745
c1131,c2007,5,54,1774,0.016155
c1131,c2071,6,54,1333,0.022363
c1131,c2076,7,54,1614,0.023711
c1131,c2113,4,54,510,0.024103
c1131,c2124,17,54,3486,0.039182
c1131,c2129,5,54,965,0.021903
c1131,c2131,9,54,2013,0.027298
c1131,c2181,16,54,1503,0.056162
c1131,c2184,12,54,3885,0.026199
c1131,c4004,4,54,410,0.026883
c1131,c4123,6,54,834,0.028273
c1131,c5111,3,54,591,0.016793
c1131,c5154,7,54,2198,0.020318
c1131,c6005,3,54,2154,0.008796
c1131,c6024,3,54,1066,0.012504
c1131,c6037,4,54,506,0.024198
c1133,c1143,22,1314,638,0.024028
c1133,c1150,10,1314,131,0.024103
c1133,c1153,24,1314,1226,0.018909
c1133,c1158,4,1314,22,0.023526
c1133,c1162,8,1314,282,0.013142
c1133,c1168,90,1314,1621,0.061667
c1133,c1171,12,1314,1217,0.009489
c1133,c1172,187,1314,3216,0.090967
c1133,c1176,28,1314,1233,0.021998
c1133,c1177,4,1314,97,0.011204
c1133,c1178,153,1314,722,0.157082
c1133,c1179,27,1314,102,0.073751
c1133,c1182,96,1314,1227,0.075605
c1133,c1183,91,1314,3437,0.042821
c1133,c2001,58,1314,579,0.066495
c1133,c2002,5,1314,80,0.015422
c1133,c2007,162,1314,1774,0.106106
c1133,c2011,5,1314,30,0.025183
c1133,c2012,8,1314,58,0.028979
c1133,c2014,7,1314,19,0.044302
c1133,c2019,6,1314,114,0.015502
c1133,c2024,62,1314,984,0.054525
c1133,c2031,6,1314,7,0.062561
c1133,c2048,11,1314,183,0.022432
c1133,c2066,44,1314,961,0.039156
c1133,c2069,7,1314,14,0.05161
c1133,c2071,39,1314,1333,0.029468
c1133,c2076,257,1314,1614,0.176475
c1133,c2079,30,1314,159,0.065633
c1133,c2080,15,1314,113,0.038927
c1133,c2082,8,1314,102,0.021852
c1133,c2090,235,1314,355,0.344077
c1133,c2099,25,1314,57,0.091349
c1133,c2102,33,1314,72,0.107288
c1133,c2103,496,1314,1559,0.346546
c1133,c2110,398,1314,735,0.404988
c1133,c2112,18,1314,817,0.017373
c1133,c2113,4,1314,510,0.004886
c1133,c2124,176,1314,3486,0.082234
c1133,c2125,7,1314,170,0.014811
c1133,c2126,7,1314,85,0.020946
c1133,c2127,240,1314,248,0.420424
c1133,c2128,31,1314,255,0.053554
c1133,c2129,15,1314,965,0.013321
c1133,c2131,60,1314,2013,0.036892
c1133,c2181,178,1314,1503,0.126661
c1133,c2184,348,1314,3885,0.154023
c1133,c4123,32,1314,834,0.030568
c1133,c4158,12,1314,119,0.030347
c1133,c5009,115,1314,134,0.274061
c1133,c5033,98,1314,648,0.106204
c1133,c5046,14,1314,23,0.080532
c1133,c5072,262,1314,1513,0.185816
c1133,c5110,55,1314,292,0.088792
c1133,c5111,16,1314,591,0.018156
c1133,c5149,10,1314,159,0.021878
c1133,c5154,57,1314,2198,0.03354
c1133,c5175,11,1314,202,0.021351
c1133,c6005,450,1314,2154,0.26748
c1133,c6024,24,1314,1066,0.020278
c1133,c6037,10,1314,506,0.012264
c1133,c6050,34,1314,647,0.036875
c1134,c1182,4,13,1227,0.031671
c1134,c1183,8,13,3437,0.037847
c1134,c2131,3,13,2013,0.018545
c1134,c2184,5,13,3885,0.022249
c1134,c5154,5,13,2198,0.029579
c1134,c6005,3,13,2154,0.017928
c1142,c1143,4,12,638,0.045715
c1142,c2007,3,12,1774,0.020561
c1142,c2103,5,12,1559,0.036556
c1142,c2124,7,12,3486,0.034225
c1142,c2184,4,12,3885,0.018526
c1143,c1150,4,638,131,0.013836
c1143,c1153,8,638,1226,0.009046
c1143,c1160,62,638,112,0.231938
c1143,c1162,9,638,282,0.021218
c1143,c1168,38,638,1621,0.037366
c1143,c1171,19,638,1217,0.021562
c1143,c1172,464,638,3216,0.323929
c1143,c1176,20,638,1233,0.02255
c1143,c1178,35,638,722,0.051569
c1143,c1182,23,638,1227,0.025995
c1143,c1183,177,638,3437,0.119529
c1143,c2001,9,638,579,0.014808
c1143,c2004,3,638,80,0.013279
c1143,c2006,3,638,7,0.044891
c1143,c2007,50,638,1774,0.046998
c1143,c2024,150,638,984,0.189314
c1143,c2049,9,638,242,0.022905
c1143,c2066,23,638,961,0.029374
c1143,c2071,39,638,1333,0.04229
c1143,c2072,4,638,29,0.029407
c1143,c2076,17,638,1614,0.016753
c1143,c2079,4,638,159,0.012559
c1143,c2082,5,638,102,0.0196
c1143,c2090,12,638,355,0.025215
c1143,c2103,38,638,1559,0.038102
c1143,c2110,63,638,735,0.092
c1143,c2112,27,638,817,0.037397
c1143,c2113,4,638,510,0.007012
c1143,c2124,142,638,3486,0.095217
c1143,c2126,3,638,85,0.012883
c1143,c2129,14,638,965,0.017842
c1143,c2131,41,638,2013,0.036179
c1143,c2181,37,638,1503,0.037784
c1143,c2184,156,638,3885,0.099087
c1143,c4004,3,638,410,0.005866
c1143,c4123,21,638,834,0.028789
c1143,c5033,23,638,648,0.035771
c1143,c5072,61,638,1513,0.062087
c1143,c5089,3,638,95,0.012186
c1143,c5111,17,638,591,0.027685
c1143,c5128,13,638,45,0.076723
c1143,c5154,196,638,2198,0.165513
c1143,c5175,18,638,202,0.05014
c1143,c6005,106,638,2154,0.090422
c1143,c6024,14,638,1066,0.016976
c1143,c6037,27,638,506,0.04752
c1143,c6050,13,638,647,0.020234
c1147,c1172,10,16,3216,0.044084
c1147,c2066,5,16,961,0.040323
c1147,c2124,3,16,3486,0.012703
c1147,c2131,5,16,2013,0.02786
c1147,c2184,4,16,3885,0.016044
c1147,c5154,5,16,2198,0.026662
c1147,c6005,3,16,2154,0.01616
c1148,c1153,14,105,1226,0.03902
c1148,c1168,15,105,1621,0.036358
c1148,c1171,25,105,1217,0.069936
c1148,c1172,19,105,3216,0.032696
c1148,c1173,3,105,37,0.048131
c1148,c1176,6,105,1233,0.016675
c1148,c1182,8,105,1227,0.022288
c1148,c1183,32,105,3437,0.053268
c1148,c2001,4,105,579,0.016223
c1148,c2007,9,105,1774,0.020853
c1148,c2024,5,105,984,0.015555
c1148,c2066,8,105,961,0.025185
c1148,c2076,8,105,1614,0.019433
c1148,c2079,3,105,159,0.023218
c1148,c2112,13,105,817,0.044385
c1148,c2124,20,105,3486,0.033058
c1148,c2125,4,105,170,0.029939
c1148,c2129,10,105,965,0.031415
c1148,c2131,17,105,2013,0.036977
c1148,c2181,26,105,1503,0.065448
c1148,c2184,38,105,3885,0.059497
c1148,c4123,5,105,834,0.016896
c1148,c5072,6,105,1513,0.015053
c1148,c5110,4,105,292,0.022844
c1148,c5111,3,105,591,0.012043
c1148,c5154,23,105,2198,0.047876
c1148,c5175,3,105,202,0.020599
c1148,c6005,15,105,2154,0.031541
c1148,c6024,5,105,1066,0.014945
c1148,c6050,6,105,647,0.02302
c1150,c1153,3,131,1226,0.007486
c1150,c1162,12,131,282,0.062434
c1150,c1168,75,131,1621,0.162755
c1150,c1172,29,131,3216,0.044679
c1150,c1178,4,131,722,0.013006
c1150,c1182,13,131,1227,0.032425
c1150,c1183,19,131,3437,0.028316
c1150,c2004,5,131,80,0.048842
c1150,c2007,26,131,1774,0.053934
c1150,c2024,6,131,984,0.016712
c1150,c2066,3,131,961,0.008455
c1150,c2076,5,131,1614,0.010874
c1150,c2080,4,131,113,0.032876
c1150,c2102,3,131,72,0.03089
c1150,c2103,12,131,1559,0.026554
c1150,c2110,5,131,735,0.016114
c1150,c2112,5,131,817,0.015284
c1150,c2124,35,131,3486,0.051793
c1150,c2125,3,131,170,0.020103
c1150,c2131,4,131,2013,0.007789
c1150,c2181,23,131,1503,0.051834
c1150,c2184,34,131,3885,0.047659
c1150,c4123,9,131,834,0.027229
c1150,c4158,8,131,119,0.064074
c1150,c5033,27,131,648,0.09267
c1150,c5072,4,131,1513,0.008985
c1150,c5110,5,131,292,0.025565
c1150,c5111,5,131,591,0.01797
c1150,c5154,15,131,2198,0.027954
c1150,c6005,21,131,2154,0.039533
c1150,c6017,3,131,169,0.020162
c1150,c6024,6,131,1066,0.016056
c1150,c6050,4,131,647,0.01374
c1151,c1172,16,30,3216,0.051511
c1151,c1182,5,30,1227,0.026061
c1151,c1183,6,30,3437,0.018685
c1151,c2007,3,30,1774,0.013004
c1151,c2024,5,30,984,0.029101
c1151,c2071,5,30,1333,0.025003
c1151,c2103,3,30,1559,0.013872
c1151,c2124,4,30,3486,0.012369
c1151,c2125,6,30,170,0.084017
c1151,c2184,8,30,3885,0.023433
c1151,c5110,3,30,292,0.032053
c1151,c5111,7,30,591,0.052571
c1151,c6005,15,30,2154,0.059008
c1151,c6024,3,30,1066,0.016776
c1153,c1162,17,1226,282,0.028912
c1153,c1168,41,1226,1621,0.029084
c1153,c1171,163,1226,1217,0.133443
c1153,c1172,152,1226,3216,0.076549
c1153,c1173,3,1226,37,0.014086
c1153,c1176,217,1226,1233,0.176495
c1153,c1178,82,1226,722,0.087157
c1153,c1182,130,1226,1227,0.105993
c1153,c1183,575,1226,3437,0.280113
c1153,c2001,97,1226,579,0.11513
c1153,c2007,79,1226,1774,0.053568
c1153,c2012,9,1226,58,0.033751
c1153,c2015,3,1226,40,0.013547
c1153,c2019,62,1226,114,0.165842
c1153,c2022,72,1226,94,0.212092
c1153,c2023,12,1226,58,0.045001
c1153,c2024,3,1226,984,0.002731
c1153,c2042,3,1226,18,0.020195
c1153,c2049,13,1226,242,0.023867
c1153,c2066,41,1226,961,0.037773
c1153,c2070,9,1226,87,0.027557
c1153,c2071,330,1226,1333,0.258139
c1153,c2076,80,1226,1614,0.056871
c1153,c2079,14,1226,159,0.031709
c1153,c2090,34,1226,355,0.051537
c1153,c2095,9,1226,100,0.025704
c1153,c2103,67,1226,1559,0.048463
c1153,c2106,6,1226,27,0.032978
c1153,c2111,6,1226,37,0.028171
c1153,c2112,13,1226,817,0.012989
c1153,c2113,58,1226,510,0.07335
c1153,c2124,358,1226,3486,0.173171
c1153,c2125,3,1226,170,0.006571
c1153,c2126,3,1226,85,0.009293
c1153,c2128,17,1226,255,0.030404
c1153,c2129,108,1226,965,0.099292
c1153,c2131,191,1226,2013,0.121581
c1153,c2132,6,1226,112,0.016192
c1153,c2181,177,1226,1503,0.130391
c1153,c2184,289,1226,3885,0.132421
c1153,c4004,56,1226,410,0.078986
c1153,c4123,71,1226,834,0.070215
c1153,c4158,20,1226,119,0.052361
c1153,c5009,9,1226,134,0.022205
c1153,c5072,55,1226,1513,0.040383
c1153,c5110,85,1226,292,0.142063
c1153,c5111,44,1226,591,0.051691
c1153,c5154,243,1226,2198,0.148029
c1153,c6005,46,1226,2154,0.028307
c1153,c6017,5,1226,169,0.010985
c1153,c6024,106,1226,1066,0.092722
c1153,c6037,51,1226,506,0.064751
c1153,c6050,7,1226,647,0.00786
c1158,c1172,6,22,3216,0.022557
c1158,c1176,3,22,1233,0.018215
c1158,c2007,5,22,1774,0.025309
c1158,c2079,3,22,159,0.050724
c1158,c2103,4,22,1559,0.021599
c1158,c2124,9,22,3486,0.032499
c1158,c2131,4,22,2013,0.019008
c1158,c2184,4,22,3885,0.013682
c1158,c4123,5,22,834,0.036913
c1158,c5072,4,22,1513,0.021924
c1158,c5154,3,22,2198,0.013643
c1158,c6005,8,22,2154,0.03675
c1160,c1171,4,112,1217,0.010834
c1160,c1172,73,112,3216,0.121634
c1160,c1176,3,112,1233,0.008073
c1160,c1178,6,112,722,0.0211
c1160,c1182,3,112,1227,0.008093
c1160,c1183,45,112,3437,0.072529
c1160,c2024,6,112,984,0.018074
c1160,c2071,3,112,1333,0.007764
c1160,c2076,4,112,1614,0.009408
c1160,c2103,20,112,1559,0.047863
c1160,c2110,3,112,735,0.010456
c1160,c2124,34,112,3486,0.054413
c1160,c2129,4,112,965,0.012167
c1160,c2131,11,112,2013,0.023167
c1160,c2181,5,112,1503,0.012187
c1160,c2184,25,112,3885,0.0379
c1160,c4144,3,112,13,0.078621
c1160,c5072,6,112,1513,0.014575
c1160,c5154,47,112,2198,0.094727
c1160,c6005,14,112,2154,0.028503
c1160,c6024,3,112,1066,0.008682
c1160,c6037,3,112,506,0.012602
c1161,c1168,3,6,1621,0.03042
c1161,c1171,4,6,1217,0.04681
c1161,c2124,3,6,3486,0.020743
c1162,c1168,116,282,1621,0.17157
c1162,c1171,3,282,1217,0.005121
c1162,c1172,106,282,3216,0.111307
c1162,c1176,11,282,1233,0.018655
c1162,c1178,18,282,722,0.039891
c1162,c1182,28,282,1227,0.0476
c1162,c1183,120,282,3437,0.12189
c1162,c2001,3,282,579,0.007424
c1162,c2007,30,282,1774,0.042415
c1162,c2024,8,282,984,0.015187
c1162,c2049,5,282,242,0.01914
c1162,c2066,8,282,961,0.015368
c1162,c2071,20,282,1333,0.03262
c1162,c2076,18,282,1614,0.026681
c1162,c2079,5,282,159,0.023613
c1162,c2095,4,282,100,0.02382
c1162,c2112,9,282,817,0.01875
c1162,c2113,8,282,510,0.021095
c1162,c2124,39,282,3486,0.039335
c1162,c2129,3,282,965,0.005751
c1162,c2131,27,282,2013,0.035836
c1162,c2181,92,282,1503,0.141314
c1162,c2184,72,282,3885,0.068788
c1162,c4123,50,282,834,0.103101
c1162,c5033,10,282,648,0.023393
c1162,c5072,7,282,1513,0.010717
c1162,c5110,6,282,292,0.020909
c1162,c5111,10,282,591,0.024495
c1162,c5154,32,282,2198,0.040645
c1162,c5175,10,282,202,0.041899
c1162,c6005,44,282,2154,0.056455
c1162,c6024,11,282,1066,0.020063
c1162,c6037,12,282,506,0.031767
c1162,c6050,3,282,647,0.007023
c1163,c1172,3,12,3216,0.015271
c1163,c2007,8,12,1774,0.054831
c1163,c2024,3,12,984,0.027608
c1163,c2066,3,12,961,0.027936
c1163,c2184,7,12,3885,0.03242
c1163,c5110,3,12,292,0.05068
c1168,c1171,81,1621,1217,0.05767
c1168,c1172,255,1621,3216,0.111684
c1168,c1176,81,1621,1233,0.057294
c1168,c1177,74,1621,97,0.186618
c1168,c1178,151,1621,722,0.139578
c1168,c1179,14,1621,102,0.03443
c1168,c1182,219,1621,1227,0.155285
c1168,c1183,471,1621,3437,0.199544
c1168,c2001,42,1621,579,0.043353
c1168,c2004,27,1621,80,0.074977
c1168,c2007,228,1621,1774,0.134452
c1168,c2011,3,1621,30,0.013604
c1168,c2012,3,1621,58,0.009784
c1168,c2015,7,1621,40,0.02749
c1168,c2019,8,1621,114,0.01861
c1168,c2023,5,1621,58,0.016307
c1168,c2024,45,1621,984,0.035631
c1168,c2048,6,1621,183,0.011016
c1168,c2049,6,1621,242,0.00958
c1168,c2066,71,1621,961,0.056886
c1168,c2070,4,1621,87,0.010651
c1168,c2071,91,1621,1333,0.061906
c1168,c2076,188,1621,1614,0.116229
c1168,c2079,19,1621,159,0.037425
c1168,c2082,15,1621,102,0.036889
c1168,c2090,9,1621,355,0.011864
c1168,c2095,17,1621,100,0.042224
c1168,c2099,3,1621,57,0.009869
c1168,c2102,10,1621,72,0.029271
c1168,c2103,76,1621,1559,0.047808
c1168,c2106,3,1621,27,0.01434
c1168,c2110,35,1621,735,0.032065
c1168,c2111,5,1621,37,0.020416
c1168,c2112,57,1621,817,0.04953
c1168,c2113,30,1621,510,0.032995
c1168,c2124,416,1621,3486,0.175
c1168,c2125,14,1621,170,0.026669
c1168,c2126,5,1621,85,0.01347
c1168,c2127,6,1621,248,0.009463
c1168,c2128,33,1621,255,0.051328
c1168,c2129,81,1621,965,0.064763
c1168,c2131,170,1621,2013,0.09411
c1168,c2132,72,1621,112,0.168979
c1168,c2181,248,1621,1503,0.158884
c1168,c2184,507,1621,3885,0.202032
c1168,c4004,28,1621,410,0.034346
c1168,c4123,77,1621,834,0.066224
c1168,c4158,31,1621,119,0.070582
c1168,c5033,214,1621,648,0.208802
c1168,c5072,120,1621,1513,0.076625
c1168,c5089,5,1621,95,0.012741
c1168,c5110,20,1621,292,0.02907
c1168,c5111,54,1621,591,0.055171
c1168,c5154,225,1621,2198,0.1192
c1168,c5175,13,1621,202,0.022718
c1168,c6005,253,1621,2154,0.135396
c1168,c6017,15,1621,169,0.028659
c1168,c6024,85,1621,1066,0.064662
c1168,c6037,52,1621,506,0.057416
c1168,c6050,146,1621,647,0.142564
c1171,c1172,59,1217,3216,0.029823
c1171,c1176,113,1217,1233,0.092247
c1171,c1178,25,1217,722,0.02667
c1171,c1182,100,1217,1227,0.081834
c1171,c1183,415,1217,3437,0.202914
c1171,c2001,51,1217,579,0.060756
c1171,c2002,27,1217,80,0.086531
c1171,c2007,31,1217,1774,0.021098
c1171,c2012,18,1217,58,0.067751
c1171,c2016,3,1217,67,0.010506
c1171,c2022,15,1217,94,0.044349
c1171,c2023,3,1217,58,0.011292
c1171,c2024,11,1217,984,0.010052
c1171,c2049,63,1217,242,0.116088
c1171,c2066,136,1217,961,0.125757
c1171,c2070,9,1217,87,0.027659
c1171,c2071,63,1217,1333,0.049463
c1171,c2076,99,1217,1614,0.070638
c1171,c2079,18,1217,159,0.040919
c1171,c2082,4,1217,102,0.011353
c1171,c2090,19,1217,355,0.028906
c1171,c2095,3,1217,100,0.0086
c1171,c2101,3,1217,30,0.015701
c1171,c2103,37,1217,1559,0.026862
c1171,c2106,7,1217,27,0.038616
c1171,c2110,7,1217,735,0.007401
c1171,c2111,5,1217,37,0.023563
c1171,c2112,71,1217,817,0.071204
c1171,c2113,65,1217,510,0.082506
c1171,c2124,649,1217,3486,0.315091
c1171,c2126,8,1217,85,0.024873
c1171,c2128,12,1217,255,0.021541
c1171,c2129,50,1217,965,0.046138
c1171,c2131,141,1217,2013,0.090085
c1171,c2132,4,1217,112,0.010834
c1171,c2165,5,1217,24,0.029256
c1171,c2181,194,1217,1503,0.143442
c1171,c2184,273,1217,3885,0.125551
c1171,c4004,167,1217,410,0.236417
c1171,c4123,49,1217,834,0.048637
c1171,c5001,40,1217,48,0.165499
c1171,c5033,6,1217,648,0.006756
c1171,c5070,3,1217,11,0.025929
c1171,c5072,190,1217,1513,0.14002
c1171,c5110,7,1217,292,0.011743
c1171,c5111,58,1217,591,0.068389
c1171,c5154,283,1217,2198,0.173032
c1171,c5175,37,1217,202,0.074624
c1171,c6005,59,1217,2154,0.03644
c1171,c6017,11,1217,169,0.024255
c1171,c6024,98,1217,1066,0.08604
c1171,c6037,82,1217,506,0.104494
c1171,c6050,54,1217,647,0.060855
c1172,c1173,3,3216,37,0.008697
c1172,c1176,220,3216,1233,0.11048
c1172,c1177,20,3216,97,0.035808
c1172,c1178,110,3216,722,0.072188
c1172,c1179,17,3216,102,0.029682
c1172,c1180,7,3216,9,0.041145
c1172,c1182,335,3216,1227,0.168642
c1172,c1183,840,3216,3437,0.252657
c1172,c2001,75,3216,579,0.054962
c1172,c2002,26,3216,80,0.051259
c1172,c2004,13,3216,80,0.02563
c1172,c2007,399,3216,1774,0.167047
c1172,c2012,3,3216,58,0.006946
c1172,c2015,3,3216,40,0.008364
c1172,c2016,14,3216,67,0.03016
c1172,c2019,3,3216,114,0.004955
c1172,c2022,4,3216,94,0.007275
c1172,c2023,8,3216,58,0.018523
c1172,c2024,524,3216,984,0.294561
c1172,c2027,3,3216,3,0.030542
c1172,c2042,3,3216,18,0.012469
c1172,c2048,22,3216,183,0.028677
c1172,c2049,102,3216,242,0.11562
c1172,c2062,5,3216,17,0.021384
c1172,c2066,175,3216,961,0.099545
c1172,c2070,16,3216,87,0.030248
c1172,c2071,307,3216,1333,0.148274
c1172,c2072,4,3216,29,0.013098
c1172,c2076,370,3216,1614,0.162402
c1172,c2079,35,3216,159,0.048945
c1172,c2080,58,3216,113,0.096212
c1172,c2082,25,3216,102,0.04365
c1172,c2088,4,3216,9,0.023512
c1172,c2090,33,3216,355,0.030885
c1172,c2091,6,3216,11,0.0319
c1172,c2095,28,3216,100,0.049374
c1172,c2099,3,3216,57,0.007007
c1172,c2101,5,3216,30,0.016097
c1172,c2102,14,3216,72,0.029094
c1172,c2103,86,3216,1559,0.038408
c1172,c2106,4,3216,27,0.013574
c1172,c2110,263,3216,735,0.171062
c1172,c2111,4,3216,37,0.011596
c1172,c2112,270,3216,817,0.166569
c1172,c2113,71,3216,510,0.055439
c1172,c2124,526,3216,3486,0.157096
c1172,c2125,95,3216,170,0.128482
c1172,c2126,22,3216,85,0.042078
c1172,c2127,36,3216,248,0.040311
c1172,c2128,63,3216,255,0.069568
c1172,c2129,79,3216,965,0.044844
c1172,c2131,297,3216,2013,0.116728
c1172,c2132,24,3216,112,0.039989
c1172,c2165,5,3216,24,0.017997
c1172,c2181,223,3216,1503,0.10143
c1172,c2184,787,3216,3885,0.222649
c1172,c4004,45,3216,410,0.039189
c1172,c4123,191,3216,834,0.116625
c1172,c4158,15,3216,119,0.024247
c1172,c5009,16,3216,134,0.024373
c1172,c5016,6,3216,16,0.02645
c1172,c5033,123,3216,648,0.085204
c1172,c5046,3,3216,23,0.011031
c1172,c5072,272,3216,1513,0.123308
c1172,c5089,22,3216,95,0.039802
c1172,c5110,77,3216,292,0.079459
c1172,c5111,246,3216,591,0.178436
c1172,c5128,7,3216,45,0.018401
c1172,c5154,747,3216,2198,0.280963
c1172,c5175,63,3216,202,0.078164
c1172,c6005,762,3216,2154,0.289517
c1172,c6014,3,3216,10,0.016729
c1172,c6017,69,3216,169,0.093594
c1172,c6020,5,3216,40,0.013941
c1172,c6024,255,3216,1066,0.137722
c1172,c6037,132,3216,506,0.103476
c1172,c6050,139,3216,647,0.096362
c1173,c1183,21,37,3437,0.058888
c1173,c2071,3,37,1333,0.013508
c1173,c2076,6,37,1614,0.024553
c1173,c2112,6,37,817,0.03451
c1173,c2124,3,37,3486,0.008353
c1173,c2125,4,37,170,0.050435
c1173,c2129,4,37,965,0.021169
c1173,c2131,4,37,2013,0.014657
c1173,c2184,18,37,3885,0.047476
c1173,c4004,3,37,410,0.024357
c1173,c5072,7,37,1513,0.029585
c1173,c5154,10,37,2198,0.035066
c1173,c6005,4,37,2154,0.014169
c1173,c6050,3,37,647,0.01939
c1176,c1178,49,1233,722,0.051933
c1176,c1179,5,1233,102,0.014099
c1176,c1182,131,1233,1227,0.106504
c1176,c1183,493,1233,3437,0.239484
c1176,c2001,72,1233,579,0.085214
c1176,c2002,5,1233,80,0.01592
c1176,c2007,166,1233,1774,0.112241
c1176,c2012,5,1233,58,0.018697
c1176,c2013,11,1233,14,0.083723
c1176,c2016,9,1233,67,0.031313
c1176,c2019,23,1233,114,0.061347
c1176,c2022,17,1233,94,0.049935
c1176,c2023,3,1233,58,0.011218
c1176,c2024,35,1233,984,0.031775
c1176,c2049,13,1233,242,0.023799
c1176,c2066,37,1233,961,0.033991
c1176,c2070,3,1233,87,0.00916
c1176,c2071,261,1233,1333,0.203584
c1176,c2076,77,1233,1614,0.054583
c1176,c2079,10,1233,159,0.022585
c1176,c2090,10,1233,355,0.015115
c1176,c2095,5,1233,100,0.014239
c1176,c2103,46,1233,1559,0.033178
c1176,c2110,9,1233,735,0.009454
c1176,c2112,46,1233,817,0.045832
c1176,c2113,48,1233,510,0.060531
c1176,c2124,326,1233,3486,0.157243
c1176,c2125,23,1233,170,0.050237
c1176,c2126,5,1233,85,0.015445
c1176,c2128,17,1233,255,0.030318
c1176,c2129,83,1233,965,0.076091
c1176,c2131,179,1233,2013,0.113619
c1176,c2132,4,1233,112,0.010764
c1176,c2165,9,1233,24,0.052319
c1176,c2181,213,1233,1503,0.156465
c1176,c2184,318,1233,3885,0.145295
c1176,c4004,38,1233,410,0.053445
c1176,c4123,97,1233,834,0.095655
c1176,c4158,13,1233,119,0.033938
c1176,c5016,4,1233,16,0.028479
c1176,c5024,3,1233,7,0.032292
c1176,c5033,15,1233,648,0.016781
c1176,c5072,156,1233,1513,0.114215
c1176,c5110,22,1233,292,0.036665
c1176,c5111,40,1233,591,0.046858
c1176,c5149,4,1233,159,0.009034
c1176,c5154,224,1233,2198,0.136067
c1176,c5175,14,1233,202,0.028052
c1176,c6005,122,1233,2154,0.074861
c1176,c6017,10,1233,169,0.021907
c1176,c6024,103,1233,1066,0.089842
c1176,c6037,34,1233,506,0.043045
c1176,c6050,22,1233,647,0.024631
c1177,c1178,4,97,722,0.015115
c1177,c1182,6,97,1227,0.017392
c1177,c1183,17,97,3437,0.029442
c1177,c2007,20,97,1774,0.048213
c1177,c2071,5,97,1333,0.013905
c1177,c2076,8,97,1614,0.020219
c1177,c2124,17,97,3486,0.029235
c1177,c2125,13,97,170,0.101236
c1177,c2131,7,97,2013,0.015841
c1177,c2132,16,97,112,0.153506
c1177,c2181,10,97,1503,0.02619
c1177,c2184,32,97,3885,0.052128
c1177,c5009,3,97,134,0.026314
c1177,c5033,11,97,648,0.043875
c1177,c5072,4,97,1513,0.010441
c1177,c5154,13,97,2198,0.028154
c1177,c6005,28,97,2154,0.061256
c1177,c6050,18,97,647,0.071851
c1178,c1179,3,722,102,0.011055
c1178,c1182,40,722,1227,0.042498
c1178,c1183,196,722,3437,0.124422
c1178,c2001,18,722,579,0.02784
c1178,c2002,7,722,80,0.029126
c1178,c2007,65,722,1774,0.057434
c1178,c2012,10,722,58,0.048867
c1178,c2016,3,722,67,0.01364
c1178,c2024,17,722,984,0.020169
c1178,c2048,3,722,183,0.008253
c1178,c2049,7,722,242,0.016746
c1178,c2066,36,722,961,0.043219
c1178,c2071,46,722,1333,0.046889
c1178,c2076,50,722,1614,0.046318
c1178,c2079,6,722,159,0.017709
c1178,c2080,8,722,113,0.028008
c1178,c2082,4,722,102,0.01474
c1178,c2090,16,722,355,0.031604
c1178,c2099,10,722,57,0.049294
c1178,c2102,6,722,72,0.026316
c1178,c2103,53,722,1559,0.049956
c1178,c2110,58,722,735,0.079619
c1178,c2112,53,722,817,0.069007
c1178,c2113,31,722,510,0.051087
c1178,c2124,199,722,3486,0.125436
c1178,c2125,16,722,170,0.04567
c1178,c2126,3,722,85,0.01211
c1178,c2127,14,722,248,0.033085
c1178,c2128,8,722,255,0.018645
c1178,c2129,43,722,965,0.051515
c1178,c2131,100,722,2013,0.082949
c1178,c2132,4,722,112,0.014066
c1178,c2181,78,722,1503,0.074877
c1178,c2184,241,722,3885,0.143897
c1178,c4004,11,722,410,0.020218
c1178,c4123,20,722,834,0.025774
c1178,c4158,4,722,119,0.013646
c1178,c5004,3,722,10,0.035306
c1178,c5009,12,722,134,0.03858
c1178,c5016,3,722,16,0.027912
c1178,c5033,27,722,648,0.039474
c1178,c5046,4,722,23,0.03104
c1178,c5072,103,722,1513,0.098548
c1178,c5110,19,722,292,0.04138
c1178,c5111,19,722,591,0.029086
c1178,c5128,4,722,45,0.022191
c1178,c5149,6,722,159,0.017709
c1178,c5154,93,722,2198,0.073824
c1178,c5175,11,722,202,0.028804
c1178,c6005,111,722,2154,0.089009
c1178,c6017,10,722,169,0.028628
c1178,c6024,27,722,1066,0.030776
c1178,c6037,31,722,506,0.051288
c1178,c6050,26,722,647,0.038041
c1179,c1182,7,102,1227,0.019787
c1179,c1183,12,102,3437,0.020267
c1179,c2001,5,102,579,0.020575
c1179,c2007,14,102,1774,0.032912
c1179,c2024,25,102,984,0.078912
c1179,c2048,9,102,183,0.065874
c1179,c2066,10,102,961,0.03194
c1179,c2076,18,102,1614,0.044363
c1179,c2103,13,102,1559,0.0326
c1179,c2110,11,102,735,0.040174
c1179,c2112,9,102,817,0.031177
c1179,c2124,8,102,3486,0.013416
c1179,c2127,4,102,248,0.02515
c1179,c2131,7,102,2013,0.015448
c1179,c2181,5,102,1503,0.01277
c1179,c2184,30,102,3885,0.047657
c1179,c5033,5,102,648,0.019448
c1179,c5072,13,102,1513,0.033092
c1179,c5089,4,102,95,0.040635
c1179,c5111,13,102,591,0.052948
c1179,c5154,14,102,2198,0.029567
c1179,c6005,39,102,2154,0.083204
c1179,c6024,4,102,1066,0.012131
c1179,c6050,3,102,647,0.011678
c1180,c2125,4,9,170,0.102262
c1180,c2184,5,9,3885,0.026739
c1180,c5154,3,9,2198,0.02133
c1182,c1183,339,1227,3437,0.165077
c1182,c2001,56,1227,579,0.06644
c1182,c2002,9,1227,80,0.028726
c1182,c2004,12,1227,80,0.038301
c1182,c2007,190,1227,1774,0.128782
c1182,c2011,5,1227,30,0.026061
c1182,c2015,6,1227,40,0.027083
c1182,c2016,7,1227,67,0.024414
c1182,c2023,4,1227,58,0.014994
c1182,c2024,62,1227,984,0.056425
c1182,c2047,3,1227,5,0.038301
c1182,c2048,11,1227,183,0.023214
c1182,c2049,23,1227,242,0.042208
c1182,c2053,3,1227,11,0.025823
c1182,c2066,25,1227,961,0.023023
c1182,c2070,5,1227,87,0.015303
c1182,c2071,99,1227,1333,0.07741
c1182,c2076,254,1227,1614,0.180493
c1182,c2079,17,1227,159,0.038488
c1182,c2082,13,1227,102,0.036747
c1182,c2090,9,1227,355,0.013637
c1182,c2095,15,1227,100,0.042822
c1182,c2099,4,1227,57,0.015125
c1182,c2102,5,1227,72,0.016822
c1182,c2103,122,1227,1559,0.088209
c1182,c2106,3,1227,27,0.016482
c1182,c2110,18,1227,735,0.018954
c1182,c2111,4,1227,37,0.018773
c1182,c2112,78,1227,817,0.077904
c1182,c2113,39,1227,510,0.049301
c1182,c2124,318,1227,3486,0.153759
c1182,c2125,12,1227,170,0.026275
c1182,c2126,4,1227,85,0.012386
c1182,c2127,14,1227,248,0.025379
c1182,c2128,29,1227,255,0.051845
c1182,c2129,59,1227,965,0.054221
c1182,c2131,129,1227,2013,0.082082
c1182,c2132,6,1227,112,0.016185
c1182,c2181,113,1227,1503,0.08321
c1182,c2184,352,1227,3885,0.161222
c1182,c4004,30,1227,410,0.042297
c1182,c4123,56,1227,834,0.055358
c1182,c4158,17,1227,119,0.044489
c1182,c5001,3,1227,48,0.012362
c1182,c5009,4,1227,134,0.009865
c1182,c5033,57,1227,648,0.063924
c1182,c5072,101,1227,1513,0.074128
c1182,c5089,5,1227,95,0.014645
c1182,c5110,27,1227,292,0.045108
c1182,c5111,61,1227,591,0.071633
c1182,c5149,8,1227,159,0.018112
c1182,c5154,153,1227,2198,0.093166
c1182,c6005,71,1227,2154,0.043673
c1182,c6017,23,1227,169,0.050508
c1182,c6024,83,1227,1066,0.072573
c1182,c6037,39,1227,506,0.049496
c1182,c6050,19,1227,647,0.021325
c1183,c2001,121,3437,579,0.085774
c1183,c2002,7,3437,80,0.013349
c1183,c2004,6,3437,80,0.011442
c1183,c2007,339,3437,1774,0.137288
c1183,c2008,3,3437,6,0.020891
c1183,c2009,3,3437,8,0.018092
c1183,c2011,6,3437,30,0.018685
c1183,c2012,12,3437,58,0.026877
c1183,c2015,8,3437,40,0.021576
c1183,c2016,13,3437,67,0.02709
c1183,c2019,80,3437,114,0.127805
c1183,c2022,79,3437,94,0.138987
c1183,c2023,24,3437,58,0.053754
c1183,c2024,146,3437,984,0.07939
c1183,c2042,7,3437,18,0.028143
c1183,c2048,26,3437,183,0.032784
c1183,c2049,74,3437,242,0.08114
c1183,c2053,10,3437,11,0.05143
c1183,c2062,4,3437,17,0.016548
c1183,c2066,162,3437,961,0.089138
c1183,c2069,3,3437,14,0.013676
c1183,c2070,30,3437,87,0.054862
c1183,c2071,532,3437,1333,0.248546
c1183,c2072,9,3437,29,0.028507
c1183,c2073,6,3437,14,0.027353
c1183,c2076,313,3437,1614,0.132893
c1183,c2079,37,3437,159,0.050051
c1183,c2080,11,3437,113,0.017651
c1183,c2082,25,3437,102,0.042223
c1183,c2090,42,3437,355,0.038023
c1183,c2095,30,3437,100,0.051172
c1183,c2099,13,3437,57,0.029371
c1183,c2101,7,3437,30,0.0218
c1183,c2102,5,3437,72,0.010051
c1183,c2103,263,3437,1559,0.113617
c1183,c2106,9,3437,27,0.029544
c1183,c2109,4,3437,12,0.019696
c1183,c2110,98,3437,735,0.061658
c1183,c2111,6,3437,37,0.016825
c1183,c2112,200,3437,817,0.119352
c1183,c2113,154,3437,510,0.116318
c1183,c2124,700,3437,3486,0.20223
c1183,c2125,45,3437,170,0.058871
c1183,c2126,27,3437,85,0.049953
c1183,c2127,9,3437,248,0.009748
c1183,c2128,71,3437,255,0.07584
c1183,c2129,243,3437,965,0.13343
c1183,c2131,475,3437,2013,0.180585
c1183,c2132,34,3437,112,0.0548
c1183,c2165,4,3437,24,0.013927
c1183,c2181,301,3437,1503,0.132433
c1183,c2184,851,3437,3885,0.232886
c1183,c4004,20,3437,410,0.016848
c1183,c4123,220,3437,834,0.129942
c1183,c4144,6,3437,13,0.028385
c1183,c4158,42,3437,119,0.065673
c1183,c5004,4,3437,10,0.021576
c1183,c5009,10,3437,134,0.014735
c1183,c5016,5,3437,16,0.021322
c1183,c5033,91,3437,648,0.060977
c1183,c5046,3,3437,23,0.01067
c1183,c5070,6,3437,11,0.030858
c1183,c5072,322,3437,1513,0.141204
c1183,c5082,6,3437,13,0.028385
c1183,c5089,10,3437,95,0.0175
c1183,c5110,85,3437,292,0.084847
c1183,c5111,125,3437,591,0.087705
c1183,c5149,5,3437,159,0.006764
c1183,c5154,746,3437,2198,0.271416
c1183,c5175,25,3437,202,0.030004
c1183,c6005,176,3437,2154,0.064684
c1183,c6017,56,3437,169,0.073478
c1183,c6024,297,3437,1066,0.155163
c1183,c6037,178,3437,506,0.134976
c1183,c6050,143,3437,647,0.095895
c1183,c6062,4,3437,7,0.025788
c2001,c2007,56,579,1774,0.055255
c2001,c2015,6,579,40,0.039426
c2001,c2016,3,579,67,0.015232
c2001,c2024,9,579,984,0.011924
c2001,c2066,47,579,961,0.063008
c2001,c2071,35,579,1333,0.039839
c2001,c2076,64,579,1614,0.066205
c2001,c2079,4,579,159,0.013183
c2001,c2088,3,579,9,0.041559
c2001,c2090,23,579,355,0.050731
c2001,c2095,3,579,100,0.012468
c2001,c2099,14,579,57,0.077064
c2001,c2103,26,579,1559,0.027366
c2001,c2110,22,579,735,0.033724
c2001,c2112,65,579,817,0.094507
c2001,c2113,26,579,510,0.047846
c2001,c2124,157,579,3486,0.110509
c2001,c2125,5,579,170,0.015937
c2001,c2126,3,579,85,0.013523
c2001,c2127,12,579,248,0.031668
c2001,c2128,31,579,255,0.080677
c2001,c2129,49,579,965,0.065553
c2001,c2131,81,579,2013,0.075028
c2001,c2165,3,579,24,0.025449
c2001,c2181,53,579,1503,0.056814
c2001,c2184,126,579,3885,0.084011
c2001,c4004,59,579,410,0.121093
c2001,c4123,16,579,834,0.023025
c2001,c4158,5,579,119,0.019048
c2001,c5033,11,579,648,0.017958
c2001,c5046,3,579,23,0.025997
c2001,c5072,107,579,1513,0.114321
c2001,c5110,10,579,292,0.02432
c2001,c5111,17,579,591,0.029061
c2001,c5154,127,579,2198,0.112577
c2001,c5175,4,579,202,0.011696
c2001,c6005,36,579,2154,0.032236
c2001,c6017,8,579,169,0.025575
c2001,c6024,61,579,1066,0.077645
c2001,c6037,14,579,506,0.025865
c2001,c6050,22,579,647,0.035944
c2002,c2024,3,80,984,0.010692
c2002,c2049,11,80,242,0.079057
c2002,c2076,3,80,1614,0.008349
c2002,c2101,3,80,30,0.061237
c2002,c2103,12,80,1559,0.033979
c2002,c2112,7,80,817,0.027381
c2002,c2124,33,80,3486,0.062489
c2002,c2125,4,80,170,0.0343
c2002,c2129,7,80,965,0.025194
c2002,c2131,14,80,2013,0.034887
c2002,c2181,9,80,1503,0.025955
c2002,c2184,25,80,3885,0.044844
c2002,c4123,5,80,834,0.019357
c2002,c5072,3,80,1513,0.008623
c2002,c5154,12,80,2198,0.028617
c2002,c6005,13,80,2154,0.031317
c2002,c6024,10,80,1066,0.034243
c2002,c6050,3,80,647,0.013186
c2004,c2007,15,80,1774,0.039817
c2004,c2024,20,80,984,0.071283
c2004,c2066,3,80,961,0.01082
c2004,c2076,11,80,1614,0.030612
c2004,c2103,5,80,1559,0.014158
c2004,c2124,10,80,3486,0.018936
c2004,c2181,12,80,1503,0.034606
c2004,c2184,22,80,3885,0.039462
c2004,c5033,37,80,648,0.162506
c2004,c5072,3,80,1513,0.008623
c2004,c5154,10,80,2198,0.023847
c2004,c6005,15,80,2154,0.036135
c2004,c6020,5,80,40,0.088388
c2006,c6005,4,7,2154,0.032575
c2007,c2011,5,1774,30,0.021674
c2007,c2014,4,1774,19,0.021787
c2007,c2015,8,1774,40,0.030032
c2007,c2016,8,1774,67,0.023205
c2007,c2019,5,1774,114,0.011118
c2007,c2023,5,1774,58,0.015588
c2007,c2024,107,1774,984,0.080986
c2007,c2048,67,1774,183,0.117591
c2007,c2049,6,1774,242,0.009157
c2007,c2066,135,1774,961,0.103394
c2007,c2069,5,1774,14,0.031727
c2007,c2070,7,1774,87,0.017818
c2007,c2071,97,1774,1333,0.063078
c2007,c2072,4,1774,29,0.017635
c2007,c2076,344,1774,1614,0.203296
c2007,c2079,16,1774,159,0.030126
c2007,c2080,41,1774,113,0.091573
c2007,c2082,25,1774,102,0.058771
c2007,c2088,3,1774,9,0.023742
c2007,c2090,20,1774,355,0.025202
c2007,c2095,11,1774,100,0.026117
c2007,c2099,10,1774,57,0.031447
c2007,c2102,16,1774,72,0.044769
c2007,c2103,90,1774,1559,0.054118
c2007,c2110,123,1774,735,0.107717
c2007,c2111,4,1774,37,0.015613
c2007,c2112,202,1774,817,0.167789
c2007,c2113,46,1774,510,0.048361
c2007,c2124,278,1774,3486,0.11179
c2007,c2125,28,1774,170,0.050987
c2007,c2126,11,1774,85,0.028327
c2007,c2127,30,1774,248,0.045229
c2007,c2128,46,1774,255,0.068393
c2007,c2129,38,1774,965,0.029043
c2007,c2131,84,1774,2013,0.044451
c2007,c2132,26,1774,112,0.058329
c2007,c2165,4,1774,24,0.019386
c2007,c2181,157,1774,1503,0.096149
c2007,c2184,442,1774,3885,0.168364
c2007,c4004,18,1774,410,0.021106
c2007,c4123,60,1774,834,0.049328
c2007,c4158,12,1774,119,0.026117
c2007,c5009,6,1774,134,0.012306
c2007,c5024,3,1774,7,0.026921
c2007,c5033,141,1774,648,0.131509
c2007,c5072,128,1774,1513,0.078129
c2007,c5089,8,1774,95,0.019487
c2007,c5110,32,1774,292,0.044461
c2007,c5111,117,1774,591,0.114266
c2007,c5128,10,1774,45,0.035393
c2007,c5149,5,1774,159,0.009414
c2007,c5154,253,1774,2198,0.128124
c2007,c5175,27,1774,202,0.045104
c2007,c6005,409,1774,2154,0.20923
c2007,c6017,19,1774,169,0.0347
c2007,c6020,7,1774,40,0.026278
c2007,c6024,108,1774,1066,0.078536
c2007,c6037,31,1774,506,0.03272
c2007,c6050,111,1774,647,0.103608
c2009,c2124,3,8,3486,0.017964
c2011,c2024,11,30,984,0.064023
c2011,c2076,6,30,1614,0.027267
c2011,c2112,3,30,817,0.019162
c2011,c2124,4,30,3486,0.012369
c2011,c2131,3,30,2013,0.012208
c2011,c2181,5,30,1503,0.023547
c2011,c2184,11,30,3885,0.032221
c2011,c5111,4,30,591,0.03004
c2011,c5154,4,30,2198,0.015577
c2011,c5175,3,30,202,0.038538
c2011,c6005,13,30,2154,0.05114
c2012,c2071,13,58,1333,0.046754
c2012,c2110,6,58,735,0.02906
c2012,c2124,18,58,3486,0.040031
c2012,c2128,3,58,255,0.024668
c2012,c2131,11,58,2013,0.032193
c2012,c2181,22,58,1503,0.074513
c2012,c2184,21,58,3885,0.044239
c2012,c4004,4,58,410,0.025939
c2012,c5001,4,58,48,0.07581
c2012,c5072,3,58,1513,0.010127
c2012,c5110,5,58,292,0.038421
c2012,c5154,4,58,2198,0.011203
c2012,c5175,8,58,202,0.07391
c2012,c6005,8,58,2154,0.022634
c2013,c2071,6,14,1333,0.043921
c2013,c2124,3,14,3486,0.01358
c2013,c2125,3,14,170,0.061494
c2013,c2181,4,14,1503,0.027575
c2013,c6005,4,14,2154,0.023034
c2014,c2076,5,19,1614,0.028552
c2014,c2124,4,19,3486,0.015542
c2014,c2127,4,19,248,0.058272
c2014,c2131,5,19,2013,0.025567
c2014,c2184,5,19,3885,0.018403
c2014,c5072,5,19,1513,0.02949
c2014,c5154,5,19,2198,0.024467
c2015,c2076,4,40,1614,0.015743
c2015,c2124,16,40,3486,0.042848
c2015,c2129,3,40,965,0.01527
c2015,c2131,4,40,2013,0.014096
c2015,c2181,17,40,1503,0.069333
c2015,c2184,6,40,3885,0.01522
c2015,c4123,5,40,834,0.027375
c2015,c5111,3,40,591,0.019512
c2015,c5154,9,40,2198,0.030353
c2015,c6017,5,40,169,0.060813
c2015,c6024,3,40,1066,0.014528
c2015,c6037,3,40,506,0.021087
c2016,c2076,7,67,1614,0.021287
c2016,c2103,15,67,1559,0.046412
c2016,c2112,13,67,817,0.055564
c2016,c2124,16,67,3486,0.033107
c2016,c2129,4,67,965,0.015731
c2016,c2131,10,67,2013,0.02723
c2016,c2181,4,67,1503,0.012605
c2016,c2184,23,67,3885,0.045081
c2016,c5072,9,67,1513,0.028267
c2016,c5154,9,67,2198,0.023453
c2016,c6005,7,67,2154,0.018426
c2016,c6017,16,67,169,0.150362
c2016,c6024,7,67,1066,0.026193
c2019,c2022,21,114,94,0.202863
c2019,c2071,78,114,1333,0.200091
c2019,c2076,5,114,1614,0.011656
c2019,c2113,4,114,510,0.016589
c2019,c2124,17,114,3486,0.026967
c2019,c2129,6,114,965,0.01809
c2019,c2131,6,114,2013,0.012525
c2019,c2181,9,114,1503,0.021743
c2019,c2184,23,114,3885,0.03456
c2019,c4004,3,114,410,0.013876
c2019,c5033,3,114,648,0.011038
c2019,c5110,5,114,292,0.027405
c2019,c5154,23,114,2198,0.045947
c2019,c5175,3,114,202,0.019769
c2019,c6024,7,114,1066,0.02008
c2022,c2071,63,94,1333,0.177976
c2022,c2076,3,94,1614,0.007702
c2022,c2090,4,94,355,0.021897
c2022,c2113,4,94,510,0.018269
c2022,c2124,6,94,3486,0.010482
c2022,c2131,4,94,2013,0.009195
c2022,c2181,4,94,1503,0.010642
c2022,c2184,16,94,3885,0.026476
c2022,c5072,3,94,1513,0.007955
c2022,c5110,6,94,292,0.036216
c2022,c5154,13,94,2198,0.0286
c2022,c5175,4,94,202,0.029028
c2022,c6024,5,94,1066,0.015795
c2023,c2066,4,58,961,0.016943
c2023,c2071,9,58,1333,0.032368
c2023,c2076,5,58,1614,0.016342
c2023,c2103,3,58,1559,0.009977
c2023,c2113,5,58,510,0.029072
c2023,c2124,19,58,3486,0.042255
c2023,c2129,7,58,965,0.029588
c2023,c2131,14,58,2013,0.040972
c2023,c2184,22,58,3885,0.046346
c2023,c4004,4,58,410,0.025939
c2023,c5072,5,58,1513,0.016879
c2023,c5154,18,58,2198,0.050413
c2023,c6005,6,58,2154,0.016975
c2023,c6024,4,58,1066,0.016087
c2024,c2031,5,984,7,0.060245
c2024,c2048,46,984,183,0.108401
c2024,c2049,3,984,242,0.006148
c2024,c2062,3,984,17,0.023195
c2024,c2066,35,984,961,0.035992
c2024,c2070,3,984,87,0.010253
c2024,c2071,49,984,1333,0.042784
c2024,c2076,170,984,1614,0.134896
c2024,c2079,13,984,159,0.032866
c2024,c2080,40,984,113,0.119956
c2024,c2082,10,984,102,0.031565
c2024,c2090,11,984,355,0.018611
c2024,c2091,3,984,11,0.028835
c2024,c2102,10,984,72,0.03757
c2024,c2103,66,984,1559,0.053287
c2024,c2110,57,984,735,0.067025
c2024,c2112,42,984,817,0.046843
c2024,c2113,8,984,510,0.011293
c2024,c2124,114,984,3486,0.061552
c2024,c2125,17,984,170,0.041565
c2024,c2128,12,984,255,0.023956
c2024,c2129,9,984,965,0.009236
c2024,c2131,45,984,2013,0.031974
c2024,c2132,3,984,112,0.009037
c2024,c2181,68,984,1503,0.055915
c2024,c2184,342,984,3885,0.174917
c2024,c4004,3,984,410,0.004723
c2024,c4123,22,984,834,0.024285
c2024,c5024,3,984,7,0.036147
c2024,c5033,85,984,648,0.106447
c2024,c5046,7,984,23,0.04653
c2024,c5072,51,984,1513,0.041798
c2024,c5089,35,984,95,0.114474
c2024,c5110,66,984,292,0.123127
c2024,c5111,42,984,591,0.055075
c2024,c5128,11,984,45,0.052274
c2024,c5154,132,984,2198,0.089756
c2024,c5175,28,984,202,0.062804
c2024,c6005,400,984,2154,0.274751
c2024,c6014,9,984,10,0.090729
c2024,c6017,6,984,169,0.014713
c2024,c6020,22,984,40,0.110891
c2024,c6024,35,984,1066,0.034174
c2024,c6037,8,984,506,0.011337
c2024,c6050,24,984,647,0.030079
c2031,c5175,7,7,202,0.186154
c2042,c2066,4,18,961,0.030413
c2042,c2124,7,18,3486,0.027945
c2042,c2131,3,18,2013,0.01576
c2042,c2181,6,18,1503,0.036478
c2042,c2184,5,18,3885,0.018908
c2042,c4123,4,18,834,0.032647
c2042,c5154,7,18,2198,0.035192
c2048,c2066,17,183,961,0.040538
c2048,c2076,41,183,1614,0.075441
c2048,c2080,3,183,113,0.020862
c2048,c2102,9,183,72,0.078406
c2048,c2103,5,183,1559,0.009361
c2048,c2110,6,183,735,0.01636
c2048,c2112,11,183,817,0.028448
c2048,c2124,24,183,3486,0.030048
c2048,c2131,35,183,2013,0.057666
c2048,c2181,8,183,1503,0.015254
c2048,c2184,75,183,3885,0.088949
c2048,c5033,19,183,648,0.055175
c2048,c5072,8,183,1513,0.015204
c2048,c5111,8,183,591,0.024326
c2048,c5149,33,183,159,0.193459
c2048,c5154,14,183,2198,0.022074
c2048,c6005,71,183,2154,0.113086
c2048,c6050,21,183,647,0.06103
c2049,c2066,8,242,961,0.016589
c2049,c2070,7,242,87,0.048243
c2049,c2071,29,242,1333,0.051059
c2049,c2076,12,242,1614,0.019201
c2049,c2103,30,242,1559,0.048842
c2049,c2112,9,242,817,0.020241
c2049,c2113,9,242,510,0.025618
c2049,c2124,124,242,3486,0.135005
c2049,c2129,20,242,965,0.041386
c2049,c2131,32,242,2013,0.045848
c2049,c2181,12,242,1503,0.019897
c2049,c2184,58,242,3885,0.059817
c2049,c4004,12,242,410,0.038096
c2049,c4123,13,242,834,0.028937
c2049,c5072,18,242,1513,0.029747
c2049,c5154,57,242,2198,0.078154
c2049,c6005,17,242,2154,0.023546
c2049,c6017,3,242,169,0.014834
c2049,c6024,38,242,1066,0.074816
c2049,c6037,17,242,506,0.048581
c2049,c6050,4,242,647,0.010109
c2053,c2103,3,11,1559,0.022909
c2053,c2184,6,11,3885,0.029024
c2062,c2103,5,17,1559,0.030713
c2062,c2112,3,17,817,0.025456
c2062,c2124,6,17,3486,0.024647
c2062,c2131,5,17,2013,0.027029
c2062,c5072,3,17,1513,0.018706
c2062,c5154,4,17,2198,0.020693
c2062,c6005,8,17,2154,0.041806
c2066,c2070,3,961,87,0.010375
c2066,c2071,63,961,1333,0.055663
c2066,c2076,136,961,1614,0.109201
c2066,c2079,7,961,159,0.017908
c2066,c2080,6,961,113,0.018208
c2066,c2082,6,961,102,0.019164
c2066,c2090,22,961,355,0.037666
c2066,c2095,3,961,100,0.009677
c2066,c2102,22,961,72,0.083636
c2066,c2103,107,961,1559,0.087418
c2066,c2110,23,961,735,0.027367
c2066,c2112,20,961,817,0.022571
c2066,c2113,21,961,510,0.029997
c2066,c2124,315,961,3486,0.172102
c2066,c2125,3,961,170,0.007422
c2066,c2126,6,961,85,0.020993
c2066,c2127,6,961,248,0.01229
c2066,c2129,89,961,965,0.09242
c2066,c2131,202,961,2013,0.145234
c2066,c2181,103,961,1503,0.085703
c2066,c2184,340,961,3885,0.175963
c2066,c4004,38,961,410,0.060538
c2066,c4123,28,961,834,0.031276
c2066,c4158,3,961,119,0.008871
c2066,c5001,5,961,48,0.02328
c2066,c5033,17,961,648,0.021543
c2066,c5072,124,961,1513,0.102835
c2066,c5089,4,961,95,0.013238
c2066,c5110,8,961,292,0.015102
c2066,c5111,34,961,591,0.045115
c2066,c5128,12,961,45,0.057705
c2066,c5149,19,961,159,0.048606
c2066,c5154,168,961,2198,0.115594
c2066,c5175,8,961,202,0.018157
c2066,c6005,175,961,2154,0.121634
c2066,c6024,67,961,1066,0.066196
c2066,c6037,22,961,506,0.031549
c2066,c6050,84,961,647,0.106528
c2069,c2076,5,14,1614,0.033262
c2069,c2181,4,14,1503,0.027575
c2069,c5033,3,14,648,0.031497
c2069,c6005,4,14,2154,0.023034
c2070,c2071,17,87,1333,0.04992
c2070,c2076,3,87,1614,0.008006
c2070,c2103,13,87,1559,0.035299
c2070,c2124,47,87,3486,0.085344
c2070,c2129,10,87,965,0.034513
c2070,c2131,29,87,2013,0.069297
c2070,c2181,5,87,1503,0.013827
c2070,c2184,30,87,3885,0.051602
c2070,c4123,4,87,834,0.01485
c2070,c5072,15,87,1513,0.041344
c2070,c5111,4,87,591,0.01764
c2070,c5154,8,87,2198,0.018294
c2070,c6005,7,87,2154,0.01617
c2070,c6024,10,87,1066,0.032837
c2070,c6037,4,87,506,0.019064
c2070,c6050,4,87,647,0.01686
c2071,c2073,7,1333,14,0.051241
c2071,c2076,72,1333,1614,0.049087
c2071,c2079,13,1333,159,0.028238
c2071,c2082,6,1333,102,0.016272
c2071,c2090,24,1333,355,0.034888
c2071,c2095,6,1333,100,0.016434
c2071,c2101,3,1333,30,0.015002
c2071,c2103,47,1333,1559,0.032603
c2071,c2106,3,1333,27,0.015813
c2071,c2110,31,1333,735,0.031319
c2071,c2111,3,1333,37,0.013508
c2071,c2112,40,1333,817,0.03833
c2071,c2113,77,1333,510,0.093388
c2071,c2124,337,1333,3486,0.156333
c2071,c2125,25,1333,170,0.052517
c2071,c2126,16,1333,85,0.047533
c2071,c2128,27,1333,255,0.04631
c2071,c2129,48,1333,965,0.042322
c2071,c2131,175,1333,2013,0.106832
c2071,c2132,10,1333,112,0.025881
c2071,c2181,170,1333,1503,0.120103
c2071,c2184,324,1333,3885,0.142375
c2071,c4004,38,1333,410,0.051402
c2071,c4123,79,1333,834,0.074925
c2071,c4158,6,1333,119,0.015065
c2071,c5009,8,1333,134,0.018929
c2071,c5033,13,1333,648,0.013988
c2071,c5072,132,1333,1513,0.092948
c2071,c5089,5,1333,95,0.014051
c2071,c5110,44,1333,292,0.070526
c2071,c5111,54,1333,591,0.060839
c2071,c5149,3,1333,159,0.006516
c2071,c5154,268,1333,2198,0.156569
c2071,c5175,25,1333,202,0.048178
c2071,c6005,147,1333,2154,0.086752
c2071,c6017,9,1333,169,0.018962
c2071,c6024,108,1333,1066,0.0906
c2071,c6037,39,1333,506,0.047487
c2071,c6050,37,1333,647,0.039841
c2072,c2076,9,29,1614,0.0416
c2072,c2080,8,29,113,0.13975
c2072,c2112,4,29,817,0.025987
c2072,c2124,4,29,3486,0.01258
c2072,c2131,5,29,2013,0.020694
c2072,c2184,7,29,3885,0.020855
c2072,c5072,4,29,1513,0.019096
c2072,c5154,11,29,2198,0.043569
c2073,c2124,10,14,3486,0.045266
c2073,c2131,4,14,2013,0.023827
c2073,c2184,3,14,3885,0.012864
c2076,c2079,18,1614,159,0.035532
c2076,c2080,35,1614,113,0.081955
c2076,c2082,18,1614,102,0.044363
c2076,c2090,39,1614,355,0.051523
c2076,c2095,3,1614,100,0.007467
c2076,c2099,4,1614,57,0.013188
c2076,c2102,17,1614,72,0.049869
c2076,c2103,141,1614,1559,0.088888
c2076,c2106,4,1614,27,0.019161
c2076,c2110,55,1614,735,0.050497
c2076,c2111,3,1614,37,0.012276
c2076,c2112,134,1614,817,0.116692
c2076,c2113,25,1614,510,0.027555
c2076,c2124,343,1614,3486,0.144603
c2076,c2125,8,1614,170,0.015273
c2076,c2126,14,1614,85,0.037798
c2076,c2127,42,1614,248,0.066385
c2076,c2128,20,1614,255,0.031175
c2076,c2129,80,1614,965,0.064102
c2076,c2131,158,1614,2013,0.087656
c2076,c2132,14,1614,112,0.032928
c2076,c2181,195,1614,1503,0.1252
c2076,c2184,443,1614,3885,0.176912
c2076,c4004,61,1614,410,0.074987
c2076,c4123,82,1614,834,0.070677
c2076,c4158,12,1614,119,0.027381
c2076,c5001,5,1614,48,0.017964
c2076,c5009,7,1614,134,0.015052
c2076,c5033,130,1614,648,0.127117
c2076,c5046,5,1614,23,0.025951
c2076,c5072,121,1614,1513,0.077431
c2076,c5089,3,1614,95,0.007661
c2076,c5110,27,1614,292,0.03933
c2076,c5111,90,1614,591,0.09215
c2076,c5128,10,1614,45,0.037106
c2076,c5149,24,1614,159,0.047376
c2076,c5154,213,1614,2198,0.113087
c2076,c5175,15,1614,202,0.02627
c2076,c6005,242,1614,2154,0.12979
c2076,c6014,3,1614,10,0.023614
c2076,c6017,7,1614,169,0.013403
c2076,c6020,5,1614,40,0.019678
c2076,c6024,65,1614,1066,0.049554
c2076,c6037,25,1614,506,0.027664
c2076,c6050,73,1614,647,0.071436
c2079,c2090,6,159,355,0.025254
c2079,c2103,15,159,1559,0.030128
c2079,c2110,7,159,735,0.020477
c2079,c2112,6,159,817,0.016647
c2079,c2113,4,159,510,0.014047
c2079,c2124,36,159,3486,0.048355
c2079,c2129,5,159,965,0.012765
c2079,c2131,25,159,2013,0.04419
c2079,c2181,27,159,1503,0.055231
c2079,c2184,41,159,3885,0.052166
c2079,c4004,3,159,410,0.01175
c2079,c4123,3,159,834,0.008238
c2079,c5033,5,159,648,0.015577
c2079,c5072,13,159,1513,0.026505
c2079,c5111,14,159,591,0.04567
c2079,c5149,3,159,159,0.018868
c2079,c5154,21,159,2198,0.035523
c2079,c5175,4,159,202,0.02232
c2079,c6005,34,159,2154,0.058098
c2079,c6017,3,159,169,0.018301
c2079,c6024,8,159,1066,0.019432
c2079,c6037,5,159,506,0.017628
c2080,c2103,8,113,1559,0.01906
c2080,c2110,7,113,735,0.024289
c2080,c2124,8,113,3486,0.012746
c2080,c2131,4,113,2013,0.008387
c2080,c2181,6,113,1503,0.014559
c2080,c2184,24,113,3885,0.036222
c2080,c5033,13,113,648,0.048042
c2080,c5072,4,113,1513,0.009674
c2080,c5110,3,113,292,0.016515
c2080,c5154,11,113,2198,0.022072
c2080,c6005,37,113,2154,0.074996
c2082,c2099,3,102,57,0.039344
c2082,c2103,13,102,1559,0.0326
c2082,c2110,6,102,735,0.021913
c2082,c2112,12,102,817,0.041569
c2082,c2113,3,102,510,0.013153
c2082,c2124,23,102,3486,0.038571
c2082,c2131,5,102,2013,0.011034
c2082,c2181,6,102,1503,0.015324
c2082,c2184,29,102,3885,0.046068
c2082,c5009,3,102,134,0.025661
c2082,c5033,10,102,648,0.038897
c2082,c5072,8,102,1513,0.020364
c2082,c5111,7,102,591,0.02851
c2082,c5154,18,102,2198,0.038015
c2082,c6005,20,102,2154,0.042668
c2082,c6050,6,102,647,0.023356
c2088,c2184,3,9,3885,0.016044
c2088,c6005,5,9,2154,0.035911
c2089,c2184,3,6,3885,0.019649
c2089,c5128,3,6,45,0.182574
c2089,c6005,3,6,2154,0.026389
c2090,c2099,6,355,57,0.042179
c2090,c2103,153,355,1559,0.205662
c2090,c2110,77,355,735,0.150742
c2090,c2112,8,355,817,0.014855
c2090,c2113,3,355,510,0.007051
c2090,c2124,37,355,3486,0.03326
c2090,c2127,41,355,248,0.13818
c2090,c2128,8,355,255,0.026589
c2090,c2129,5,355,965,0.008543
c2090,c2131,14,355,2013,0.016561
c2090,c2181,51,355,1503,0.069819
c2090,c2184,95,355,3885,0.080894
c2090,c4004,5,355,410,0.013106
c2090,c5001,4,355,48,0.030643
c2090,c5009,15,355,134,0.068774
c2090,c5033,3,355,648,0.006255
c2090,c5072,50,355,1513,0.068224
c2090,c5110,8,355,292,0.024848
c2090,c5111,3,355,591,0.00655
c2090,c5149,3,355,159,0.012627
c2090,c5154,30,355,2198,0.033962
c2090,c5175,5,355,202,0.018672
c2090,c6005,141,355,2154,0.161243
c2090,c6024,5,355,1066,0.008128
c2090,c6050,9,355,647,0.018779
c2091,c2131,3,11,2013,0.020161
c2091,c2184,4,11,3885,0.019349
c2091,c6005,3,11,2154,0.01949
c2095,c2103,4,100,1559,0.010131
c2095,c2112,3,100,817,0.010496
c2095,c2113,20,100,510,0.088561
c2095,c2124,33,100,3486,0.055892
c2095,c2128,3,100,255,0.018787
c2095,c2131,8,100,2013,0.017831
c2095,c2181,30,100,1503,0.077382
c2095,c2184,34,100,3885,0.054549
c2095,c4004,3,100,410,0.014816
c2095,c4123,11,100,834,0.03809
c2095,c5072,5,100,1513,0.012854
c2095,c5154,18,100,2198,0.038394
c2095,c6005,8,100,2154,0.017237
c2095,c6024,3,100,1066,0.009188
c2099,c2103,11,57,1559,0.0369
c2099,c2112,4,57,817,0.018536
c2099,c2124,11,57,3486,0.024677
c2099,c2127,5,57,248,0.042054
c2099,c2181,11,57,1503,0.037582
c2099,c2184,10,57,3885,0.02125
c2099,c5072,23,57,1513,0.07832
c2099,c5111,3,57,591,0.016345
c2099,c5154,5,57,2198,0.014126
c2099,c6005,12,57,2154,0.034247
c2101,c2113,3,30,510,0.024254
c2101,c2124,8,30,3486,0.024738
c2101,c2129,5,30,965,0.029386
c2101,c2131,9,30,2013,0.036624
c2101,c2184,11,30,3885,0.032221
c2101,c4004,4,30,410,0.036067
c2101,c5149,4,30,159,0.057916
c2101,c5154,10,30,2198,0.038943
c2101,c6005,7,30,2154,0.027537
c2102,c2103,9,72,1559,0.026863
c2102,c2110,4,72,735,0.017388
c2102,c2124,10,72,3486,0.01996
c2102,c2127,3,72,248,0.022451
c2102,c2131,6,72,2013,0.01576
c2102,c2181,8,72,1503,0.024319
c2102,c2184,20,72,3885,0.037815
c2102,c5033,9,72,648,0.041667
c2102,c5072,3,72,1513,0.009089
c2102,c5154,13,72,2198,0.032679
c2102,c6005,21,72,2154,0.053325
c2102,c6050,5,72,647,0.023166
c2103,c2110,246,1559,735,0.22981
c2103,c2112,71,1559,817,0.062911
c2103,c2113,21,1559,510,0.023551
c2103,c2124,673,1559,3486,0.288688
c2103,c2126,4,1559,85,0.010988
c2103,c2127,91,1559,248,0.14635
c2103,c2128,10,1559,255,0.01586
c2103,c2129,26,1559,965,0.021198
c2103,c2131,184,1559,2013,0.103866
c2103,c2181,72,1559,1503,0.047036
c2103,c2184,410,1559,3885,0.166596
c2103,c4004,32,1559,410,0.040025
c2103,c4123,260,1559,834,0.228017
c2103,c4158,5,1559,119,0.011608
c2103,c5001,5,1559,48,0.018278
c2103,c5009,86,1559,134,0.188158
c2103,c5033,30,1559,648,0.029848
c2103,c5046,3,1559,23,0.015843
c2103,c5072,325,1559,1513,0.211612
c2103,c5082,5,1559,13,0.035122
c2103,c5089,10,1559,95,0.025985
c2103,c5110,17,1559,292,0.025196
c2103,c5111,25,1559,591,0.026045
c2103,c5149,3,1559,159,0.006026
c2103,c5154,120,1559,2198,0.064825
c2103,c5175,19,1559,202,0.033857
c2103,c6005,439,1559,2154,0.239562
c2103,c6017,42,1559,169,0.081824
c2103,c6024,60,1559,1066,0.046542
c2103,c6037,45,1559,506,0.050666
c2103,c6050,45,1559,647,0.044806
c2106,c2124,6,27,3486,0.019557
c2106,c2131,4,27,2013,0.017158
c2106,c2181,3,27,1503,0.014892
c2106,c2184,10,27,3885,0.030876
c2106,c5072,3,27,1513,0.014843
c2106,c5154,3,27,2198,0.012315
c2106,c6005,4,27,2154,0.016587
c2109,c2124,4,12,3486,0.019557
c2109,c2131,4,12,2013,0.025736
c2109,c2184,3,12,3885,0.013894
c2109,c5154,4,12,2198,0.024629
c2109,c6024,5,12,1066,0.044208
c2110,c2112,32,735,817,0.041295
c2110,c2124,74,735,3486,0.04623
c2110,c2127,63,735,248,0.147561
c2110,c2128,5,735,255,0.011549
c2110,c2131,33,735,2013,0.02713
c2110,c2181,44,735,1503,0.041863
c2110,c2184,207,735,3885,0.122499
c2110,c4123,6,735,834,0.007663
c2110,c4158,4,735,119,0.013525
c2110,c5009,53,735,134,0.168881
c2110,c5033,30,735,648,0.04347
c2110,c5072,68,735,1513,0.064483
c2110,c5089,5,735,95,0.018922
c2110,c5110,16,735,292,0.034537
c2110,c5111,13,735,591,0.019724
c2110,c5149,8,735,159,0.023402
c2110,c5154,81,735,2198,0.063728
c2110,c5175,3,735,202,0.007786
c2110,c6005,299,735,2154,0.237632
c2110,c6017,5,735,169,0.014187
c2110,c6020,4,735,40,0.023328
c2110,c6024,25,735,1066,0.028243
c2110,c6037,8,735,506,0.013118
c2110,c6050,17,735,647,0.024652
c2111,c2113,5,37,510,0.036399
c2111,c2124,5,37,3486,0.013922
c2111,c2129,4,37,965,0.021169
c2111,c2131,5,37,2013,0.018321
c2111,c2181,15,37,1503,0.063608
c2111,c2184,13,37,3885,0.034288
c2111,c4004,6,37,410,0.048715
c2111,c4123,5,37,834,0.028463
c2111,c5033,3,37,648,0.019375
c2111,c5072,3,37,1513,0.012679
c2111,c5154,8,37,2198,0.028053
c2111,c6005,3,37,2154,0.010627
c2112,c2113,19,817,510,0.029435
c2112,c2124,185,817,3486,0.109622
c2112,c2125,4,817,170,0.010733
c2112,c2126,5,817,85,0.018974
c2112,c2127,9,817,248,0.019994
c2112,c2128,20,817,255,0.043818
c2112,c2129,53,817,965,0.05969
c2112,c2131,85,817,2013,0.066281
c2112,c2132,4,817,112,0.013223
c2112,c2181,105,817,1503,0.094754
c2112,c2184,236,817,3885,0.132466
c2112,c4004,10,817,410,0.017278
c2112,c4123,39,817,834,0.047247
c2112,c5001,4,817,48,0.020199
c2112,c5016,8,817,16,0.069971
c2112,c5033,25,817,648,0.034359
c2112,c5072,54,817,1513,0.048569
c2112,c5089,7,817,95,0.025126
c2112,c5110,6,817,292,0.012284
c2112,c5111,20,817,591,0.028782
c2112,c5149,5,817,159,0.013873
c2112,c5154,142,817,2198,0.105965
c2112,c5175,10,817,202,0.024616
c2112,c6005,121,817,2154,0.091212
c2112,c6017,11,817,169,0.029603
c2112,c6024,57,817,1066,0.061078
c2112,c6037,30,817,506,0.046659
c2112,c6050,17,817,647,0.023382
c2113,c2124,187,510,3486,0.140247
c2113,c2128,12,510,255,0.033276
c2113,c2129,78,510,965,0.111185
c2113,c2131,82,510,2013,0.08093
c2113,c2181,103,510,1503,0.117645
c2113,c2184,132,510,3885,0.093776
c2113,c4004,19,510,410,0.041551
c2113,c4123,41,510,834,0.062866
c2113,c4158,3,510,119,0.012178
c2113,c5072,36,510,1513,0.040982
c2113,c5089,3,510,95,0.013629
c2113,c5110,3,510,292,0.007774
c2113,c5111,10,510,591,0.018215
c2113,c5154,129,510,2198,0.12184
c2113,c6005,30,510,2154,0.028623
c2113,c6017,6,510,169,0.020437
c2113,c6024,64,510,1066,0.086799
c2113,c6037,21,510,506,0.041339
c2124,c2125,11,3486,170,0.014289
c2124,c2126,18,3486,85,0.033067
c2124,c2127,25,3486,248,0.026888
c2124,c2128,65,3486,255,0.068941
c2124,c2129,455,3486,965,0.248076
c2124,c2131,782,3486,2013,0.295203
c2124,c2132,18,3486,112,0.028807
c2124,c2165,6,3486,24,0.020743
c2124,c2181,332,3486,1503,0.145042
c2124,c2184,777,3486,3885,0.211136
c2124,c4004,104,3486,410,0.086992
c2124,c4123,285,3486,834,0.167147
c2124,c4144,3,3486,13,0.014092
c2124,c4158,40,3486,119,0.062104
c2124,c5001,25,3486,48,0.061116
c2124,c5009,8,3486,134,0.011705
c2124,c5016,4,3486,16,0.016937
c2124,c5033,101,3486,648,0.0672
c2124,c5046,5,3486,23,0.017658
c2124,c5072,537,3486,1513,0.233825
c2124,c5082,10,3486,13,0.046975
c2124,c5089,11,3486,95,0.019115
c2124,c5110,44,3486,292,0.043611
c2124,c5111,165,3486,591,0.114955
c2124,c5149,14,3486,159,0.018805
c2124,c5154,272,3486,2198,0.098263
c2124,c5175,55,3486,202,0.065543
c2124,c6005,114,3486,2154,0.041602
c2124,c6011,3,3486,4,0.025405
c2124,c6017,35,3486,169,0.0456
c2124,c6024,298,3486,1066,0.154587
c2124,c6037,215,3486,506,0.161882
c2124,c6050,153,3486,647,0.101877
c2124,c6062,5,3486,7,0.032008
c2125,c2128,3,170,255,0.014409
c2125,c2129,11,170,965,0.027158
c2125,c2131,19,170,2013,0.032479
c2125,c2181,12,170,1503,0.02374
c2125,c2184,16,170,3885,0.019688
c2125,c4123,3,170,834,0.007967
c2125,c5009,5,170,134,0.033128
c2125,c5033,21,170,648,0.063271
c2125,c5072,18,170,1513,0.035492
c2125,c5089,3,170,95,0.023607
c2125,c5110,33,170,292,0.148115
c2125,c5154,12,170,2198,0.019631
c2125,c5175,4,170,202,0.021585
c2125,c6005,66,170,2154,0.109068
c2125,c6024,11,170,1066,0.02584
c2126,c2131,11,85,2013,0.026593
c2126,c2181,21,85,1503,0.058753
c2126,c2184,37,85,3885,0.064387
c2126,c4123,4,85,834,0.015023
c2126,c5033,10,85,648,0.042609
c2126,c5072,3,85,1513,0.008366
c2126,c5111,4,85,591,0.017847
c2126,c5154,26,85,2198,0.060152
c2127,c2131,11,248,2013,0.015568
c2127,c2181,33,248,1503,0.054052
c2127,c2184,76,248,3885,0.077427
c2127,c5009,12,248,134,0.065827
c2127,c5033,11,248,648,0.02744
c2127,c5046,3,248,23,0.039722
c2127,c5072,64,248,1513,0.10448
c2127,c5110,7,248,292,0.026012
c2127,c5154,3,248,2198,0.004063
c2127,c6005,80,248,2154,0.109456
c2128,c2129,8,255,965,0.016127
c2128,c2131,26,255,2013,0.03629
c2128,c2181,24,255,1503,0.038767
c2128,c2184,86,255,3885,0.086404
c2128,c4123,14,255,834,0.030358
c2128,c5033,6,255,648,0.01476
c2128,c5072,21,255,1513,0.033809
c2128,c5110,7,255,292,0.025653
c2128,c5111,9,255,591,0.023183
c2128,c5154,48,255,2198,0.064115
c2128,c6005,32,255,2154,0.043177
c2128,c6017,9,255,169,0.043354
c2128,c6024,11,255,1066,0.021098
c2128,c6037,8,255,506,0.022271
c2128,c6050,8,255,647,0.019696
c2129,c2131,518,965,2013,0.371659
c2129,c2132,3,965,112,0.009125
c2129,c2181,57,965,1503,0.047329
c2129,c2184,269,965,3885,0.138929
c2129,c4004,78,965,410,0.124005
c2129,c4123,37,965,834,0.041243
c2129,c4158,4,965,119,0.011804
c2129,c5033,3,965,648,0.003794
c2129,c5072,135,965,1513,0.111725
c2129,c5082,6,965,13,0.053569
c2129,c5110,5,965,292,0.009419
c2129,c5111,38,965,591,0.050318
c2129,c5149,3,965,159,0.007659
c2129,c5154,226,965,2198,0.155178
c2129,c5175,8,965,202,0.01812
c2129,c6005,31,965,2154,0.021502
c2129,c6017,12,965,169,0.029715
c2129,c6024,87,965,1066,0.085778
c2129,c6037,91,965,506,0.130227
c2129,c6050,35,965,647,0.044295
c2131,c2132,10,2013,112,0.021061
c2131,c2181,92,2013,1503,0.052892
c2131,c2184,694,2013,3885,0.248166
c2131,c4004,46,2013,410,0.050634
c2131,c4123,77,2013,834,0.059427
c2131,c4158,7,2013,119,0.014302
c2131,c5001,6,2013,48,0.019302
c2131,c5016,3,2013,16,0.016716
c2131,c5033,77,2013,648,0.067419
c2131,c5070,3,2013,11,0.020161
c2131,c5072,303,2013,1513,0.173621
c2131,c5082,3,2013,13,0.018545
c2131,c5089,9,2013,95,0.020581
c2131,c5110,20,2013,292,0.026087
c2131,c5111,73,2013,591,0.066928
c2131,c5128,3,2013,45,0.009968
c2131,c5149,108,2013,159,0.190899
c2131,c5154,216,2013,2198,0.102688
c2131,c5175,28,2013,202,0.04391
c2131,c6003,3,2013,5,0.029903
c2131,c6005,142,2013,2154,0.068194
c2131,c6017,15,2013,169,0.025717
c2131,c6024,177,2013,1066,0.120829
c2131,c6037,121,2013,506,0.119891
c2131,c6050,120,2013,647,0.10515
c2132,c2181,20,112,1503,0.048746
c2132,c2184,30,112,3885,0.04548
c2132,c4123,8,112,834,0.026176
c2132,c5033,10,112,648,0.03712
c2132,c5072,4,112,1513,0.009717
c2132,c5154,22,112,2198,0.04434
c2132,c6005,22,112,2154,0.044791
c2132,c6024,4,112,1066,0.011576
c2132,c6037,3,112,506,0.012602
c2132,c6050,7,112,647,0.026004
c2165,c2181,17,24,1503,0.089508
c2165,c2184,5,24,3885,0.016375
c2165,c4123,3,24,834,0.021205
c2165,c5154,4,24,2198,0.017416
c2165,c6005,3,24,2154,0.013194
c2181,c2184,195,1503,3885,0.080697
c2181,c4004,40,1503,410,0.050955
c2181,c4123,320,1503,834,0.285817
c2181,c4158,32,1503,119,0.075665
c2181,c5001,15,1503,48,0.055846
c2181,c5009,3,1503,134,0.006685
c2181,c5016,3,1503,16,0.019346
c2181,c5033,92,1503,648,0.093223
c2181,c5072,92,1503,1513,0.061008
c2181,c5089,8,1503,95,0.021171
c2181,c5110,28,1503,292,0.042266
c2181,c5111,52,1503,591,0.055173
c2181,c5149,3,1503,159,0.006137
c2181,c5154,113,1503,2198,0.062171
c2181,c5175,55,1503,202,0.099818
c2181,c6005,97,1503,2154,0.05391
c2181,c6011,3,1503,4,0.038691
c2181,c6017,15,1503,169,0.029762
c2181,c6024,107,1503,1066,0.084533
c2181,c6037,54,1503,506,0.061921
c2181,c6050,40,1503,647,0.040563
c2184,c4004,102,3885,410,0.080819
c2184,c4123,179,3885,834,0.099443
c2184,c4144,3,3885,13,0.013349
c2184,c4158,23,3885,119,0.033827
c2184,c5001,10,3885,48,0.023157
c2184,c5004,9,3885,10,0.045661
c2184,c5009,23,3885,134,0.031877
c2184,c5033,197,3885,648,0.12416
c2184,c5046,10,3885,23,0.033453
c2184,c5070,3,3885,11,0.014512
c2184,c5072,404,3885,1513,0.166635
c2184,c5089,60,3885,95,0.098763
c2184,c5110,61,3885,292,0.057272
c2184,c5111,147,3885,591,0.097013
c2184,c5128,12,3885,45,0.0287
c2184,c5149,114,3885,159,0.145048
c2184,c5154,453,3885,2198,0.15502
c2184,c5175,52,3885,202,0.058699
c2184,c6003,3,3885,5,0.021525
c2184,c6005,437,3885,2154,0.151065
c2184,c6014,6,3885,10,0.030441
c2184,c6017,26,3885,169,0.032087
c2184,c6020,11,3885,40,0.027904
c2184,c6024,325,3885,1066,0.159702
c2184,c6037,70,3885,506,0.049926
c2184,c6050,284,3885,647,0.179131
c4004,c4123,9,410,834,0.015391
c4004,c5004,4,410,10,0.06247
c4004,c5072,36,410,1513,0.045708
c4004,c5110,6,410,292,0.017341
c4004,c5111,9,410,591,0.018283
c4004,c5154,149,410,2198,0.156957
c4004,c5175,5,410,202,0.017374
c4004,c6005,9,410,2154,0.009577
c4004,c6024,75,410,1066,0.113446
c4004,c6037,17,410,506,0.037323
c4004,c6050,15,410,647,0.029124
c4123,c4158,5,834,119,0.015871
c4123,c5016,4,834,16,0.034627
c4123,c5033,7,834,648,0.009522
c4123,c5072,59,834,1513,0.052523
c4123,c5111,17,834,591,0.024214
c4123,c5154,108,834,2198,0.079768
c4123,c5175,12,834,202,0.029236
c4123,c6005,81,834,2154,0.060434
c4123,c6017,11,834,169,0.0293
c4123,c6024,116,834,1066,0.123026
c4123,c6037,22,834,506,0.033866
c4123,c6050,9,834,647,0.012252
c4144,c5154,6,13,2198,0.035495
c4158,c5033,7,119,648,0.025208
c4158,c5072,6,119,1513,0.01414
c4158,c5111,6,119,591,0.022625
c4158,c5154,23,119,2198,0.044972
c4158,c6005,9,119,2154,0.017776
c4158,c6024,4,119,1066,0.011231
c5001,c5072,9,48,1513,0.033397
c5001,c5154,12,48,2198,0.036944
c5009,c5033,4,134,648,0.013574
c5009,c5072,26,134,1513,0.057743
c5009,c5154,7,134,2198,0.012898
c5009,c6005,59,134,2154,0.109819
c5016,c6005,3,16,2154,0.01616
c5024,c6005,3,7,2154,0.024431
c5033,c5072,18,648,1513,0.018179
c5033,c5089,3,648,95,0.012091
c5033,c5110,12,648,292,0.027587
c5033,c5111,12,648,591,0.019391
c5033,c5128,5,648,45,0.02928
c5033,c5149,65,648,159,0.202501
c5033,c5154,61,648,2198,0.051113
c5033,c5175,4,648,202,0.011056
c5033,c6005,133,648,2154,0.112575
c5033,c6020,12,648,40,0.074536
c5033,c6024,13,648,1066,0.015641
c5033,c6050,62,648,647,0.095753
c5046,c5154,6,23,2198,0.026685
c5046,c6005,5,23,2154,0.022464
c5072,c5089,8,1513,95,0.021101
c5072,c5110,21,1513,292,0.031594
c5072,c5111,32,1513,591,0.033841
c5072,c5149,6,1513,159,0.012233
c5072,c5154,196,1513,2198,0.107479
c5072,c5175,16,1513,202,0.028942
c5072,c6005,164,1513,2154,0.090845
c5072,c6017,24,1513,169,0.047462
c5072,c6024,96,1513,1066,0.075592
c5072,c6037,66,1513,506,0.075431
c5072,c6050,80,1513,647,0.080857
c5082,c6037,6,13,506,0.073978
c5089,c5110,3,95,292,0.018012
c5089,c5154,14,95,2198,0.030637
c5089,c6005,45,95,2154,0.099478
c5089,c6050,3,95,647,0.012101
c5110,c5111,7,292,591,0.016851
c5110,c5128,4,292,45,0.034895
c5110,c5154,26,292,2198,0.032454
c5110,c5175,6,292,202,0.024705
c5110,c6005,70,292,2154,0.088264
c5110,c6017,5,292,169,0.022508
c5110,c6024,14,292,1066,0.025093
c5110,c6037,3,292,506,0.007805
c5111,c5154,77,591,2198,0.067559
c5111,c5175,13,591,202,0.037625
c5111,c6005,135,591,2154,0.119651
c5111,c6017,12,591,169,0.03797
c5111,c6024,47,591,1066,0.059214
c5111,c6037,17,591,506,0.031087
c5111,c6050,14,591,647,0.02264
c5128,c5175,19,45,202,0.199284
c5128,c6005,15,45,2154,0.048179
c5149,c5154,18,159,2198,0.030448
c5149,c6005,46,159,2154,0.078603
c5149,c6024,7,159,1066,0.017003
c5149,c6037,4,159,506,0.014102
c5149,c6050,50,159,647,0.15589
c5154,c5175,12,2198,202,0.018009
c5154,c6005,69,2198,2154,0.031711
c5154,c6017,26,2198,169,0.04266
c5154,c6020,4,2198,40,0.01349
c5154,c6024,205,2198,1066,0.133925
c5154,c6037,102,2198,506,0.096719
c5154,c6050,107,2198,647,0.089726
c5175,c6005,42,202,2154,0.063672
c5175,c6024,18,202,1066,0.03879
c5175,c6050,4,202,647,0.011065
c6005,c6014,5,2154,10,0.034068
c6005,c6017,27,2154,169,0.04475
c6005,c6020,24,2154,40,0.081763
c6005,c6024,166,2154,1066,0.109549
c6005,c6037,39,2154,506,0.037357
c6005,c6050,141,2154,647,0.119438
c6017,c6024,4,169,1066,0.009424
c6017,c6037,8,169,506,0.027357
c6017,c6050,4,169,647,0.012097
c6024,c6037,58,1066,506,0.078972
c6024,c6050,31,1066,647,0.037328
c6037,c6050,8,506,647,0.013982
